titulo,autor,editora,media_avaliacao,total_avaliacao,genero_literario,grau_popularidade
Os Deixados Para Trás - Capa Azul,Tom Perrotta,Intrínseca,5.0,1,suspense e mistério,Média
Offering to the storm,Dolores Redondo,HarperCollins,5.0,1,suspense e mistério,Média
A prova,Agota Kristof,Rocco,5.0,1,suspense e mistério,Média
A prova,Agota Kristof,Rocco,5.0,1,suspense e mistério,Média
A prova,Agota Kristof,Rocco,5.0,1,suspense e mistério,Média
Os Filhos do Capitão Grant,Júlio Verne,Jornal,5.0,1,suspense e mistério,Média
Harry Potter e as Relíquias da Morte,J.K. Rowling ,Rocco,4.8,109,suspense e mistério,Baixa
Harry Potter e as Relíquias da Morte,J.K. Rowling ,Rocco,4.8,109,suspense e mistério,Baixa
Harry Potter e as Relíquias da Morte,J.K. Rowling ,Rocco,4.8,109,suspense e mistério,Baixa
Harry Potter e as Relíquias da Morte,J.K. Rowling ,Rocco,4.8,109,suspense e mistério,Baixa
Harry Potter e As Relíquias da Morte,J.K. Rowling ,Rocco,4.8,109,suspense e mistério,Baixa
Harry Potter e as Relíquias da Morte,J.K. Rowling ,Rocco,4.8,109,suspense e mistério,Baixa
Harry Potter e o Prisioneiro de Azkaban,J.K. Rowling ,Rocco,4.7,132,suspense e mistério,Baixa
Harry Potter e o Enigma do Príncipe,J.K. Rowling ,Rocco,4.7,110,suspense e mistério,Baixa
Harry Potter e o Enigma do Príncipe,J.K. Rowling ,Rocco,4.7,110,suspense e mistério,Baixa
Harry Potter e o Prisioneiro de Azkaban,J.K. Rowling ,Rocco,4.7,132,suspense e mistério,Baixa
Box - Sherlock Holmes - 4 Volumes,Sir Arthur Conan Doyle,HarperCollins,4.7,491,suspense e mistério,Baixa
Harry Potter e o Prisioneiro de Azkaban,J.K. Rowling ,Rocco,4.7,132,suspense e mistério,Baixa
Harry Potter e o Enigma do Príncipe,J.K. Rowling ,Rocco,4.7,110,suspense e mistério,Baixa
Harry Potter e o Prisioneiro de Azkaban,J.K. Rowling ,Rocco,4.7,132,suspense e mistério,Baixa
Harry Potter e o Enigma do Príncipe,J.K. Rowling ,Rocco,4.7,110,suspense e mistério,Baixa
Harry Potter e o Enigma do Príncipe,J.K. Rowling ,Rocco,4.7,110,suspense e mistério,Baixa
Harry Potter e o Prisioneiro de Azkaban,J.K. Rowling ,Rocco,4.7,132,suspense e mistério,Baixa
Harry Potter e o Prisioneiro de Azkaban,J.K. Rowling ,Rocco,4.7,132,suspense e mistério,Baixa
A Casa de Hades,Rick Riordan,Intrínseca,4.6,24,suspense e mistério,Baixa
Harry Potter e o Cálice de Fogo,J.K. Rowling ,Rocco,4.6,120,suspense e mistério,Baixa
Os Pilares da Terra,Ken Follett,Rocco,4.6,4,suspense e mistério,Baixa
Box Coleção Agatha Christie,Agatha Christie,Nova,4.6,72,suspense e mistério,Baixa
O Enigma do Quarto 622,Joël Dicker,Intrínseca,4.6,66,suspense e mistério,Baixa
Harry Potter e o Cálice de Fogo,J.K. Rowling ,Rocco,4.6,120,suspense e mistério,Baixa
Harry Potter e a Pedra Filosofal,J.K. Rowling ,Rocco,4.6,169,suspense e mistério,Baixa
Harry Potter e a Ordem da Fênix,J.K. Rowling ,Rocco,4.6,111,suspense e mistério,Baixa
Harry Potter e a Ordem da Fênix,J.K. Rowling ,Rocco,4.6,111,suspense e mistério,Baixa
Harry Potter e o Cálice de Fogo,J.K. Rowling ,Rocco,4.6,120,suspense e mistério,Baixa
À Espera de um Milagre,Stephen King,Planeta,4.6,6,suspense e mistério,Baixa
Os Pilares da Terra,Ken Follett,Rocco,4.6,4,suspense e mistério,Baixa
A Coisa,Stephen King,Planeta,4.6,17,suspense e mistério,Baixa
Box Coleção Agatha Christie,Agatha Christie,Nova,4.6,316,suspense e mistério,Baixa
Harry Potter e o Cálice de Fogo,J.K. Rowling ,Rocco,4.6,120,suspense e mistério,Baixa
Harry Potter e a Ordem da Fênix,J.K. Rowling ,Rocco,4.6,111,suspense e mistério,Baixa
Harry Potter e a Pedra Filosofal,J.K. Rowling ,Rocco,4.6,169,suspense e mistério,Baixa
Harry Potter e a Ordem da Fênix,J.K. Rowling ,Rocco,4.6,111,suspense e mistério,Baixa
Harry Potter e a Pedra Filosofal,J.K. Rowling ,Rocco,4.6,169,suspense e mistério,Baixa
Crime e Castigo,Fiódor Dostoiévski,Martin,4.6,17,suspense e mistério,Baixa
Elizabeth & Mary,Jane Dunn,Rocco,4.6,20,suspense e mistério,Baixa
Harry Potter e a Ordem da Fênix,J.K. Rowling ,Rocco,4.6,111,suspense e mistério,Baixa
Harry Potter e a Pedra Filosofal ,J.K. Rowling ,Rocco,4.6,169,suspense e mistério,Baixa
Harry Potter e a Ordem da Fênix,J.K. Rowling ,Rocco,4.6,111,suspense e mistério,Baixa
Harry Potter e o Cálice De Fogo,J.K. Rowling ,Rocco,4.6,120,suspense e mistério,Baixa
Xógum,James Clavell,Sextante,4.6,1,suspense e mistério,Baixa
O Iluminado,Stephen King,Planeta,4.5,23,suspense e mistério,Baixa
Harry Potter e a Câmara Secreta,J.K. Rowling ,Rocco,4.5,142,suspense e mistério,Baixa
Contos Góticos Russos,Nikolai Gógol,Martin,4.5,4,suspense e mistério,Baixa
A Marca de Atena,Rick Riordan,Intrínseca,4.5,29,suspense e mistério,Baixa
A Marca de Atena,Rick Riordan,Intrínseca,4.5,29,suspense e mistério,Baixa
Harry Potter e a Câmara Secreta,J.K. Rowling ,Rocco,4.5,142,suspense e mistério,Baixa
Harry Potter e a Câmara Secreta,J.K. Rowling ,Rocco,4.5,142,suspense e mistério,Baixa
O Jardim Esquecido,Kate Morton,Arqueiro,4.5,529,suspense e mistério,Baixa
Harry Potter e a Câmara Secreta,J.K. Rowling ,Rocco,4.5,142,suspense e mistério,Baixa
Sherlock Holmes - Volume 1,Arthur Conan Doyle,HarperCollins,4.5,239,suspense e mistério,Baixa
Harry Potter e a Câmara Secreta,J.K. Rowling ,Rocco,4.5,142,suspense e mistério,Baixa
"Box Coleção Agatha Christie: Hora Zero, O natal de Poirot, Treze à mesa",Agatha Christie,HarperCollins,4.5,34,suspense e mistério,Baixa
O Jardim Secreto de Eliza,Kate Morton,Rocco,4.5,529,suspense e mistério,Baixa
Harry Potter e a Câmara Secreta,J.K. Rowling ,Rocco,4.5,142,suspense e mistério,Baixa
Gataca,Franck Thilliez,Intrínseca,4.4,442,suspense e mistério,Baixa
Flores Partidas,Karin Slaughter,HarperCollins,4.4,3,suspense e mistério,Baixa
Flores Partidas,Karin Slaughter,HarperCollins,4.4,3,suspense e mistério,Baixa
Box Coleção Agatha Christie,Agatha Christie,Nova,4.4,86,suspense e mistério,Baixa
No Escuro,Elizabeth Haynes,Intrínseca,4.4,3,suspense e mistério,Baixa
Box Coleção Agatha Christie,Agatha Christie,Nova,4.4,218,suspense e mistério,Baixa
Verity,Colleen Hoover,Galera,4.4,9,suspense e mistério,Baixa
Desaparecido Para Sempre,Harlan Coben,Arqueiro,4.4,6,suspense e mistério,Baixa
O Homem que Ri,Victor Hugo,Martin,4.4,115,suspense e mistério,Baixa
Frankenstein; O Médico e o Monstro; Drácula,Bram Stoker,Martin,4.4,889,suspense e mistério,Baixa
As Aventuras de Sherlock Holmes,Sir Arthur Conan Doyle,Martin,4.4,6,suspense e mistério,Baixa
A última vítima,Silmara Izidoro,AllBook,4.4,32,suspense e mistério,Baixa
As Aventuras de Sherlock Holmes,Sir Arthur Conan Doyle,Martin,4.4,6,suspense e mistério,Baixa
Cilada,Harlan Coben,Sextante,4.4,8,suspense e mistério,Baixa
Um Passo em Falso,Harlan Coben,Arqueiro,4.4,1,suspense e mistério,Baixa
Verity,Colleen Hoover,Galera,4.4,9,suspense e mistério,Baixa
A Esposa Silenciosa,Karin Slaughter,HarperCollins,4.4,100,suspense e mistério,Baixa
Julieta,Anne Fortier,Arqueiro,4.4,5,suspense e mistério,Baixa
Valiant,Laurann Dohner,Universo,4.4,1,suspense e mistério,Baixa
Inveja,J. R. Ward ,Universo,4.4,414,suspense e mistério,Baixa
Os Filhos da Tempestade,Rodrigo de Oliveira,Planeta,4.4,218,suspense e mistério,Baixa
Sniper de Elite,Scott McEwen,Universo,4.4,93,suspense e mistério,Baixa
Branco Letal,Robert Galbraith,Rocco,4.4,899,suspense e mistério,Baixa
Cilada,Harlan Coben,Arqueiro,4.4,8,suspense e mistério,Baixa
Branco Letal,Robert Galbraith,Rocco,4.4,899,suspense e mistério,Baixa
Caim e Abel,Jeffrey Archer,Sextante,4.4,646,suspense e mistério,Baixa
Julieta,Anne Fortier,"Arqueiro,",4.4,5,suspense e mistério,Baixa
Sobre Roderer,Guillermo Martínez,Planeta,4.4,8,suspense e mistério,Baixa
Quatro Estações,Stephen King,Planeta,4.4,3,suspense e mistério,Baixa
O Cemitério,Stephen King,Planeta,4.4,12,suspense e mistério,Baixa
Volta Para Casa,Harlan Coben,Arqueiro,4.4,1,suspense e mistério,Baixa
Desaparecido para Sempre,Harlan Coben,Arqueiro,4.4,6,suspense e mistério,Baixa
Custe O Que Custar,Harlan Coben,Arqueiro,4.4,124,suspense e mistério,Baixa
Desaparecido Para Sempre,Harlan Coben,Sextante,4.4,6,suspense e mistério,Baixa
Custe O Que Custar,Harlan Coben,Arqueiro,4.4,124,suspense e mistério,Baixa
Julieta,Anne Fortier,Arqueiro,4.4,5,suspense e mistério,Baixa
Fascínio,J. R. Ward ,Universo,4.4,224,suspense e mistério,Baixa
A Casa Torta,Agatha Christie,HarperCollins,4.3,4,suspense e mistério,Baixa
Armadilho,William Boyd,Rocco,4.3,6,suspense e mistério,Baixa
Assassinato no Expresso do Oriente,Agatha Christie,Nova,4.3,37,suspense e mistério,Baixa
Um Lugar Bem Longe Daqui,Delia Owens,Intrínseca,4.3,2,suspense e mistério,Baixa
Hideaway,Penelope Douglas,The,4.3,54,suspense e mistério,Baixa
A Escolha,Silmara Izidoro,AllBook,4.3,27,suspense e mistério,Baixa
Não Olhe!,FML Pepper,Valentina,4.3,5,suspense e mistério,Baixa
Coraline,Neil Gaiman,Rocco,4.3,21,suspense e mistério,Baixa
Coraline,Neil Gaiman,Intrínseca,4.3,21,suspense e mistério,Baixa
Serafina e a Capa Preta,Robert Beatty,Valentina,4.3,620,suspense e mistério,Baixa
Os Arquivos de Sherlock Holmes,Sir Arthur Conan Doyle,Martin,4.3,223,suspense e mistério,Baixa
Coraline,Neil Gaiman,Intrínseca,4.3,21,suspense e mistério,Baixa
O Desaparecimento de Stephanie Mailer,Joël Dicker,Intrínseca,4.3,1,suspense e mistério,Baixa
Minha Sombria Vanessa,Kate Elizabeth Russell,Intrínseca,4.3,2,suspense e mistério,Baixa
A Volta de Sherlock Holmes,Sir Arthur Conan Doyle,Martin,4.3,2,suspense e mistério,Baixa
Quebra de Confiança,Harlan Coben,Arqueiro,4.3,3,suspense e mistério,Baixa
Finale,Becca Fitzpatrick,Intrínseca,4.3,18,suspense e mistério,Baixa
Coraline : Graphic Novel,Neil Gaiman,Rocco,4.3,21,suspense e mistério,Baixa
A Mão de Fátima,Ildefonso Falcones,Rocco,4.3,92,suspense e mistério,Baixa
A ladeira da memória,José Geraldo Vieira,Planeta,4.3,43,suspense e mistério,Baixa
A Ladeira da Memória,José Geraldo Vieira,Edições,4.3,43,suspense e mistério,Baixa
A História Secreta,Donna Tartt,Planeta,4.3,911,suspense e mistério,Baixa
Inferno,Dan Brown,Planeta,4.3,25,suspense e mistério,Baixa
Jornada pelo Rio Mar,Eva Ibbotson,Rocco,4.3,282,suspense e mistério,Baixa
Anjos e Demônios,Dan Brown,Sextante,4.3,63,suspense e mistério,Baixa
Anjos e Demônios,Dan Brown,Sextante,4.3,63,suspense e mistério,Baixa
Síndrome de quimera,Max Mallmann,Rocco,4.3,41,suspense e mistério,Baixa
Não Há Segunda Chance,Harlan Coben,Arqueiro,4.3,851,suspense e mistério,Baixa
Assassinato no Expresso do Oriente,Agatha Christie,HarperCollins,4.3,37,suspense e mistério,Baixa
Anjos e Demônios,Dan Brown,Sextante,4.3,63,suspense e mistério,Baixa
Dentro do Espelho,Tana French,Rocco,4.3,37,suspense e mistério,Baixa
Perigosas,Sara Shepard,Rocco,4.3,1,suspense e mistério,Baixa
A Viúva Negra,Daniel Silva,HarperCollins,4.3,90,suspense e mistério,Baixa
Jogada Mortal,Harlan Coben,Arqueiro,4.3,2,suspense e mistério,Baixa
Nosferatu,Joe Hill,HarperCollins,4.3,1,suspense e mistério,Baixa
Detalhe Final,Harlan Coben,Arqueiro,4.3,1,suspense e mistério,Baixa
Inferno,Dan Brown,Arqueiro,4.3,25,suspense e mistério,Baixa
O Preço da Vitória,Harlan Coben,Arqueiro,4.3,1,suspense e mistério,Baixa
O último suspiro,Robert Bryndza,Gutenberg,4.3,739,suspense e mistério,Baixa
Inferno,Dan Brown,Arqueiro,4.3,25,suspense e mistério,Baixa
A Terra das Sombras,Meg Cabot,Record,4.3,20,suspense e mistério,Baixa
A Garota do Casaco Azul,Monica Hesse,Rocco,4.3,69,suspense e mistério,Baixa
A Terra das Sombras,Meg Cabot,Galera,4.3,20,suspense e mistério,Baixa
A Toda Prova,Harlan Coben,Arqueiro,4.3,987,suspense e mistério,Baixa
Que Falta Você Me Faz,Harlan Coben,Arqueiro,4.3,1,suspense e mistério,Baixa
Letais,Sara Shepard,Rocco,4.3,317,suspense e mistério,Baixa
Os Segredos de Ali,Sara Shepard,Rocco,4.3,393,suspense e mistério,Baixa
O uruguaio,Copi,Rocco,4.3,10,suspense e mistério,Baixa
A Promessa,Harlan Coben,Arqueiro,4.3,1,suspense e mistério,Baixa
A Grande Ilusão,Harlan Coben,Arqueiro,4.3,1,suspense e mistério,Baixa
O Inocente,Harlan Coben,Arqueiro,4.3,2,suspense e mistério,Baixa
O horror bate à porta,H. P. Lovecraft,Martin,4.3,8,suspense e mistério,Baixa
Dossiê,Arthur Conan Doyle,HarperCollins,4.3,5,suspense e mistério,Baixa
O Jardim Secreto,Frances Hodgson Burnett,HarperCollins,4.3,7,suspense e mistério,Baixa
Anjos e Demônios,Dan Brown,Arqueiro,4.3,63,suspense e mistério,Baixa
Assassinato no Expresso do Oriente,Agatha Christie,HarperCollins,4.3,37,suspense e mistério,Baixa
Quebra de Confiança,Harlan Coben,Arqueiro,4.3,3,suspense e mistério,Baixa
O Desaparecimento de Stephanie Mailer,Joël Dicker,Intrínseca,4.3,1,suspense e mistério,Baixa
A Terra das Sombras,Meg Cabot,Galera,4.3,20,suspense e mistério,Baixa
Nosferatu,Joe Hill,Arqueiro,4.3,1,suspense e mistério,Baixa
Um Estudo Em Vermelho,Sir Arthur Conan Doyle,Martin,4.3,21,suspense e mistério,Baixa
A Volta de Sherlock Holmes,Sir Arthur Conan Doyle,Martin,4.3,2,suspense e mistério,Baixa
A Escolha,Silmara Izidoro,AllBook,4.3,27,suspense e mistério,Baixa
Garota Exemplar,Gillian Flynn,Intrínseca,4.3,23,suspense e mistério,Baixa
Desejo,J. R. Ward ,Universo,4.2,621,suspense e mistério,Baixa
A Ladra,J. R. Ward ,Universo,4.2,637,suspense e mistério,Baixa
Objetos Cortantes ,Gillian Flynn,Intrínseca,4.2,13,suspense e mistério,Baixa
Caixa de Pássaros,Josh Malerman,Intrínseca,4.2,32,suspense e mistério,Baixa
O Cão dos Baskerville,Sir Arthur Conan Doyle,Martin,4.2,15,suspense e mistério,Baixa
O Vale do Terror,Sir Arthur Conan Doyle,Martin,4.2,3,suspense e mistério,Baixa
Frankenstein ou O Prometeu Moderno,Mary Shelley,Martin,4.2,14,suspense e mistério,Baixa
Deixei Você Ir,Clare Mackintosh,Intrínseca,4.2,759,suspense e mistério,Baixa
Deixei Você Ir (e-Book),Clare Mackintosh,Intrínseca,4.2,759,suspense e mistério,Baixa
Caixa de Pássaros,Josh Malerman,Intrínseca,4.2,32,suspense e mistério,Baixa
Lugar Nenhum,Neil Gaiman,Intrínseca,4.2,5,suspense e mistério,Baixa
A Vida Que Enterramos,Allen Eskens,Intrínseca,4.2,471,suspense e mistério,Baixa
A Vida Que Enterramos,Allen Eskens,Intrínseca,4.2,471,suspense e mistério,Baixa
Caixa de Pássaros: Bird Box,Josh Malerman,Intrínseca,4.2,32,suspense e mistério,Baixa
Sharp Objects: Objetos Cortantes,Gillian Flynn,Intrínseca,4.2,1,suspense e mistério,Baixa
Objetos Cortantes,Gillian Flynn,Intrínseca,4.2,13,suspense e mistério,Baixa
Bird Box: Caixa de Pássaros,Josh Malerman,Intrínseca,4.2,32,suspense e mistério,Baixa
Histórias Extraordinárias,Edgar Allan Poe,Martin,4.2,7,suspense e mistério,Baixa
O Desertor,Daniel Silva,Arqueiro,4.2,98,suspense e mistério,Baixa
Drácula,Bram Stoker,Martin,4.2,18,suspense e mistério,Baixa
A última mentira que contei,Riley Sager,Gutenberg,4.2,222,suspense e mistério,Baixa
Arrasadoras,Sara Shepard,Rocco,4.2,375,suspense e mistério,Baixa
Contos Inacabados,J. R. R. Tolkien ,HaperCollins,4.2,4,suspense e mistério,Baixa
Desaparecidas,Kristina Ohlsson,Gutenberg,4.2,176,suspense e mistério,Baixa
Sob águas escuras,Robert Bryndza,Gutenberg,4.2,1,suspense e mistério,Baixa
A mulher na janela,A.J. Finn,Arqueiro,4.2,10,suspense e mistério,Baixa
A Casa do Lago,Kate Morton,Arqueiro,4.2,491,suspense e mistério,Baixa
O Buraco da Agulha,Ken Follett,Arqueiro,4.2,2,suspense e mistério,Baixa
Ninfeias Negras,Michel Bussi,Arqueiro,4.2,1,suspense e mistério,Baixa
Apenas Um Olhar,Harlan Coben,Arqueiro,4.2,1,suspense e mistério,Baixa
Caça ao Tesouro,Sara Shepard,Rocco,4.2,208,suspense e mistério,Baixa
Refúgio,Harlan Coben,Arqueiro,4.2,2,suspense e mistério,Baixa
Uma Questão de Segundos,Harlan Coben,Arqueiro,4.2,1,suspense e mistério,Baixa
Reconstruindo Amelia,Kimberly McCreight,Arqueiro,4.2,2,suspense e mistério,Baixa
Segredos Mortais,Robert Bryndza,Gutenberg,4.2,175,suspense e mistério,Baixa
Jogos malignos,Angela Marsons,Gutenberg,4.2,191,suspense e mistério,Baixa
O Sorriso da Hiena,Gustavo Ávila,Verus,4.2,5,suspense e mistério,Baixa
Quando a luz apaga,Gustavo Ávila,Verus,4.2,274,suspense e mistério,Baixa
Imaculada,Kami Garcia,Galera,4.2,106,suspense e mistério,Baixa
Alta Tensão,Harlan Coben,Arqueiro,4.2,4,suspense e mistério,Baixa
Gritos no silêncio,Angela Marsons,Gutenberg,4.2,651,suspense e mistério,Baixa
A Outra Mulher,Daniel Silva,HarperCollins,4.2,36,suspense e mistério,Baixa
Casa de Espiões,Daniel Silva,HarperCollins,4.2,32,suspense e mistério,Baixa
Alta Tensão,Harlan Coben,Arqueiro,4.2,4,suspense e mistério,Baixa
Confie em Mim,Harlan Coben,Arqueiro,4.2,11,suspense e mistério,Baixa
Uma Fortuna Perigosa,Ken Follett,Arqueiro,4.2,523,suspense e mistério,Baixa
A Mulher Na Janela,A.J. Finn,Arqueiro,4.2,10,suspense e mistério,Baixa
A Hora das Bruxas,Anne Rice,Rocco,4.2,2,suspense e mistério,Baixa
1º a Morrer,James Patterson,Rocco,4.2,734,suspense e mistério,Baixa
Contos de Terror do Tio Montague,chris priestley,Rocco,4.2,6,suspense e mistério,Baixa
Na Própria Carne,Gillian Flynn,Rocco,4.2,13,suspense e mistério,Baixa
2ª Chance,James Patterson,Rocco,4.2,444,suspense e mistério,Baixa
A Identidade Bourne,Robert Ludlum,Rocco,4.2,613,suspense e mistério,Baixa
O Cortador de Pedras,Camilla Läckberg,Planeta,4.2,357,suspense e mistério,Baixa
Os Crimes ABC,Agatha Christie,Harper,4.2,9,suspense e mistério,Baixa
As Outras Pessoas,C.J. Tudor,Intrínseca,4.2,1,suspense e mistério,Baixa
As Outras Pessoas,C.J. Tudor,Intrínseca,4.2,1,suspense e mistério,Baixa
O Cão dos Baskervilles,Sir Arthur Conan Doyle,Universo,4.2,15,suspense e mistério,Baixa
1793,Niklas Natt och Dag,Intrínseca,4.2,156,suspense e mistério,Baixa
Arma de Vingança,Danilo Barbosa,Universo,4.2,417,suspense e mistério,Baixa
Não Conte a Ninguém,Harlan Coben,Arqueiro,4.2,19,suspense e mistério,Baixa
A Supremacia Bourne,Robert Ludlum,Rocco,4.2,237,suspense e mistério,Baixa
Por Uma Fração de Segundo,David Baldacci,Rocco,4.2,45,suspense e mistério,Baixa
3º Grau,James Patterson,Rocco,4.2,339,suspense e mistério,Baixa
A Carta Secreta,Lucinda Riley,Arqueiro,4.2,493,suspense e mistério,Baixa
Não conte a ninguém,Harlan Coben,Arqueiro,4.2,19,suspense e mistério,Baixa
Confie em Mim,Harlan Coben,Arqueiro,4.2,11,suspense e mistério,Baixa
Calafrio,Sandra Brown,Rocco,4.2,347,suspense e mistério,Baixa
Desespero,Stephen King,Planeta,4.2,26,suspense e mistério,Baixa
Caçadores de Bruxas,Raphael Draccon,Planeta,4.2,7,suspense e mistério,Baixa
Frankenstein,Mary Shelley,Editora,4.2,14,suspense e mistério,Baixa
Nona Casa,Leigh Bardugo,Editora,4.2,382,suspense e mistério,Baixa
Assassinato no expresso oriente,Agatha Christie,L&PM,4.2,15,suspense e mistério,Baixa
Ônix,Jennifer L. Armentrout,Valentina,4.2,3,suspense e mistério,Baixa
A Hora das Bruxas,Anne Rice,Rocco,4.2,2,suspense e mistério,Baixa
Drácula,Bram Stoker,Excelsior,4.2,18,suspense e mistério,Baixa
O Ultimato Bourne,Robert Ludlum,Rocco,4.2,191,suspense e mistério,Baixa
A Identidade Bourne,Robert Ludlum,Rocco,4.2,613,suspense e mistério,Baixa
O Jardim das Borboletas,Dot Hutchison,Planeta,4.2,2,suspense e mistério,Baixa
A Outra Sra. Parrish,Liv Constantine,HarperCollins,4.2,1,suspense e mistério,Baixa
Esposa Perfeita,Karin Slaughter,HarperCollins,4.2,734,suspense e mistério,Baixa
Os Crimes ABC,Agatha Christie,HarperCollins,4.2,9,suspense e mistério,Baixa
Querido e Devotado Dexter,Jeff Lindsay,Planeta,4.2,3,suspense e mistério,Baixa
A Garota Desaparecida,Lisa Gardner,Gutenberg,4.1,530,suspense e mistério,Baixa
Príncipe Lestat e Os Reinos de Atlântida,Anne Rice,Rocco,4.1,95,suspense e mistério,Baixa
Sangue Frio,Robert Bryndza,Gutenberg,4.1,470,suspense e mistério,Baixa
O Código Da Vinci,Dan Brown,Arqueiro,4.1,79,suspense e mistério,Baixa
O Portador,Sophie Hannah,Rocco,4.1,9,suspense e mistério,Baixa
Origem,Dan Brown,Arqueiro,4.1,7,suspense e mistério,Baixa
Os Amadores,Sara Shepard,Rocco,4.1,56,suspense e mistério,Baixa
"Emily, The Strange: Os Dias Perdidos",Rob Reger,Galera,4.1,370,suspense e mistério,Baixa
Mate o Próximo,Federico Axat,Verus,4.1,314,suspense e mistério,Baixa
Nocte,Courtney Cole,Verus,4.1,249,suspense e mistério,Baixa
Um Cântico de Natal: e Outras Histórias,Charles Dickens,Martin,4.1,265,suspense e mistério,Baixa
O Signo Dos Quatro,Sir Arthur Conan Doyle,Martin,4.1,9,suspense e mistério,Baixa
Gelo Negro,Becca Fitzpatrick,Intrínseca,4.1,4,suspense e mistério,Baixa
Morte na Mesopotâmia,Agatha Christie,Nova,4.1,7,suspense e mistério,Baixa
Tudo o que nunca contei, Celeste Ng ,Intrínseca,4.1,2,suspense e mistério,Baixa
Tudo o que nunca contei, Celeste Ng ,Intrínseca,4.1,2,suspense e mistério,Baixa
Vinte mil léguas submarinas,Júlio Verne,Martin,4.1,10,suspense e mistério,Baixa
O Inverno de Frankie Machine,Don Winslow,Intrínseca,4.1,147,suspense e mistério,Baixa
O Código Da Vinci,Dan Brown,Arqueiro,4.1,79,suspense e mistério,Baixa
Letal,Sandra Brown,Rocco,4.1,109,suspense e mistério,Baixa
"Corra, Alex Cross",James Patterson,Arqueiro,4.1,325,suspense e mistério,Baixa
Confissões,Kanae Minato,Gutenberg,4.1,1,suspense e mistério,Baixa
8ª Confissão,James Patterson,Arqueiro,4.1,342,suspense e mistério,Baixa
Runner,Patrick Lee,Universo,4.1,75,suspense e mistério,Baixa
Vítimas do Silêncio,Janethe Fontes,Universo,4.1,270,suspense e mistério,Baixa
REDE DE SUSSURROS,Chandler Baker,Intrínseca,4.1,1,suspense e mistério,Baixa
Rede de Sussurros,Chandler Baker,Intrínseca,4.1,1,suspense e mistério,Baixa
Rede de Sussurros,Chandler Baker,Intrínseca,4.1,1,suspense e mistério,Baixa
Jane Precisa de Ajuda,Joy Fielding,Rocco,4.1,36,suspense e mistério,Baixa
Perguntaram-me Se Acredito Em Deus,Rubem Alves,Planeta,4.1,324,suspense e mistério,Baixa
Não Pare!,FML Pepper,Valentina,4.1,8,suspense e mistério,Baixa
Crimes em Primeiro Grau,Joseph Finder,Rocco,4.1,57,suspense e mistério,Baixa
Dexter é Delicioso,Jeff Lindsay,Planeta,4.1,1,suspense e mistério,Baixa
Alfred Hitchcock e os bastidores de Psicose,Stephen Rebello ,Intrínseca,4.1,395,suspense e mistério,Baixa
DEXTER,Jeff Lindsay,Editora,4.1,6,suspense e mistério,Baixa
Poirot Perde Uma Cliente,Agatha Christie,HarperCollins,4.1,1,suspense e mistério,Baixa
Uma Crença Silenciosa em Anjos,R. J. Ellory ,Intrínseca,4.1,880,suspense e mistério,Baixa
Dexter: A mão esquerda de Deus,Jeff Lindsay,Editora,4.1,6,suspense e mistério,Baixa
O Príncipe da Neblina,Zafón,Planeta,4.1,5,suspense e mistério,Baixa
Metrô 2033,Dmitry Glukhovsky,Planeta,4.1,594,suspense e mistério,Baixa
Gritos do Passado,Camilla Läckberg,Planeta,4.1,413,suspense e mistério,Baixa
Tudo o que nunca contei, Celeste Ng ,Intrínseca,4.1,2,suspense e mistério,Baixa
Redenção,Börge Hellström,Planeta,4.1,44,suspense e mistério,Baixa
O Símbolo Perdido,Dan Brown,Sextante,4.1,41,suspense e mistério,Baixa
O Evangelho de Sangue,James Rollins,Rocco,4.1,177,suspense e mistério,Baixa
Traiçoeiras,Sara Shepard,Rocco,4.1,810,suspense e mistério,Baixa
A Origem,Dan Brown,Arqueiro,4.1,7,suspense e mistério,Baixa
Impiedosas,Sara Shepard,Rocco,4.1,1,suspense e mistério,Baixa
Inacreditáveis,Sara Shepard,Rocco,4.1,3,suspense e mistério,Baixa
Não fale com estranhos,Harlan Coben,Editora,4.1,3,suspense e mistério,Baixa
A Síndrome E,Franck Thilliez,Intrínseca,4.1,825,suspense e mistério,Baixa
Kings of Cool,Don Winslow,Intrínseca,4.1,202,suspense e mistério,Baixa
Duplo Dexter,Jeff Lindsay,Planeta,4.1,1,suspense e mistério,Baixa
A Ilha Misteriosa,Júlio Verne,Rocco,4.1,2,suspense e mistério,Baixa
Duas Vidas Por Um Fio,Janet Evanovich,Rocco,4.1,49,suspense e mistério,Baixa
A Boa Filha,Karin Slaughter,HarperCollins,4.1,1,suspense e mistério,Baixa
A Casa Negra,Stephen King,Planeta,4.1,1,suspense e mistério,Baixa
Um Milhão de Mundos Com Você,Claudia Gray,HarperCollins,4.1,701,suspense e mistério,Baixa
Estonteantes,Sara Shepard,Rocco,4.1,500,suspense e mistério,Baixa
Quando ela se foi,Harlan Coben,Arqueiro,4.1,5,suspense e mistério,Baixa
O Símbolo Perdido,Dan Brown,Sextante,4.1,41,suspense e mistério,Baixa
O Símbolo Perdido,Dan Brown,Sextante,4.1,41,suspense e mistério,Baixa
Não Fale Com Estranhos,Harlan Coben,Arqueiro,4.1,3,suspense e mistério,Baixa
A Vingança de Mara Dyer,Michelle Hodkin,Galera,4.1,2,suspense e mistério,Baixa
O Símbolo Perdido,Dan Brown,Arqueiro,4.1,41,suspense e mistério,Baixa
Bem atrás de você,Lisa Gardner,Gutenberg,4.1,1,suspense e mistério,Baixa
A Última Viúva,Karin Slaughter,HarperCollins,4.1,431,suspense e mistério,Baixa
Quando Ela Se Foi,Harlan Coben,Arqueiro,4.1,5,suspense e mistério,Baixa
7° Céu,James Patterson,Arqueiro,4.1,520,suspense e mistério,Baixa
O Código Da Vinci,Dan Brown,Sextante,4.1,79,suspense e mistério,Baixa
Até o Fim,Harlan Coben,Arqueiro,4.1,1,suspense e mistério,Baixa
O Símbolo Perdido,Dan Brown,Sextante,4.1,41,suspense e mistério,Baixa
O Caçador de Andróides,Philip K. Dick,Rocco,4.1,831,suspense e mistério,Baixa
A prisioneira do tempo,Kate Morton,Editora,4.1,137,suspense e mistério,Baixa
O Código Da Vinci,Dan Brown,Sextante,4.1,79,suspense e mistério,Baixa
Perguntaram-me se Acredito em Deus,Rubem Alves,Planeta,4.1,324,suspense e mistério,Baixa
Destruidoras,Sara Shepard,Rocco,4.1,2,suspense e mistério,Baixa
O Enigma do Oito,Katherine Neville,Rocco,4.1,725,suspense e mistério,Baixa
A Grande Arte,Rubem Fonseca,Planeta,4.1,888,suspense e mistério,Baixa
O Talismã,Peter Straub,Planeta,4.1,1,suspense e mistério,Baixa
Desespero,Stephen King,Planeta,4.1,2,suspense e mistério,Baixa
Dexter: A Mão Esquerda de Deus,Jeff Lindsay,Planeta,4.1,6,suspense e mistério,Baixa
Christine,Stephen King,Planeta,4.1,4,suspense e mistério,Baixa
Lugares Escuros,Gillian Flynn,Intrínseca,4.0,4,suspense e mistério,Baixa
A Mais Bela de Todas,Serena Valentino,Universo,4.0,1,suspense e mistério,Baixa
Lugares Escuros,Gillian Flynn,Intrínseca,4.0,4,suspense e mistério,Baixa
As Viúvas,Lynda La Plante,Intrínseca,4.0,288,suspense e mistério,Baixa
O Ladrão de Casaca,Maurice Leblanc,Martin,4.0,547,suspense e mistério,Baixa
Pequenos incêndios por toda parte, Celeste Ng ,Intrínseca,4.0,4,suspense e mistério,Baixa
O Processo,Franz Kafka,Martin,4.0,8,suspense e mistério,Baixa
Raízes do Mal,Gwenda Bond,Intrínseca,4.0,892,suspense e mistério,Baixa
Limiar,Jessica Warman,Galera,4.0,373,suspense e mistério,Baixa
Amaldiçoado ,Joe Hill,Arqueiro,4.0,5,suspense e mistério,Baixa
O Homem de São Petersburgo,Ken Follett,Arqueiro,4.0,829,suspense e mistério,Baixa
Sangue Inocente,James Rollins,Rocco,4.0,70,suspense e mistério,Baixa
Implacáveis,Sara Shepard,Rocco,4.0,676,suspense e mistério,Baixa
Terra Sem Lei,John Sandford,Arqueiro,4.0,111,suspense e mistério,Baixa
Retrato de Uma Espiã,Daniel Silva,Arqueiro,4.0,141,suspense e mistério,Baixa
5º Cavaleiro,James Patterson,Arqueiro,4.0,857,suspense e mistério,Baixa
Tudo Que Você Quiser Que Eu Seja,Mindy Mejia,Rocco,4.0,159,suspense e mistério,Baixa
Silenciadas,Kristina Ohlsson,Gutenberg,4.0,183,suspense e mistério,Baixa
Ponto De Impacto,Dan Brown,Arqueiro,4.0,31,suspense e mistério,Baixa
O Cavalo Amarelo,Agatha Christie,HarperCollins,4.0,1,suspense e mistério,Baixa
Indesejadas,Kristina Ohlsson,Gutenberg,4.0,396,suspense e mistério,Baixa
Cordialmente Cruel,Maureen Johnson,HarperCollins,4.0,458,suspense e mistério,Baixa
Os Quatro Grandes,Agatha Christie,HarperCollins,4.0,2,suspense e mistério,Baixa
O Caso Rembrandt,Daniel Silva,Arqueiro,4.0,260,suspense e mistério,Baixa
4 de Julho,James Patterson,Arqueiro,4.0,1,suspense e mistério,Baixa
Liberdade,Andrea Portes,Galera,4.0,22,suspense e mistério,Baixa
"Emily, The Strange: Duas Vezes Estranha",Rob Reger,Galera,4.0,84,suspense e mistério,Baixa
Mortos Não Contam Segredos,Karen M. McManus,Galera,4.0,1,suspense e mistério,Baixa
Punição Para A Inocência,Agatha Christie,HarperCollins,4.0,2,suspense e mistério,Baixa
Um de Nós Está Mentindo,Karen M. McManus,Galera,4.0,7,suspense e mistério,Baixa
Cobiça,J. R. Ward ,Universo,4.0,1,suspense e mistério,Baixa
O Mistério dos Sete Relógios,Agatha Christie,Harper,4.0,3,suspense e mistério,Baixa
Irene,James Ellroy,Universo,4.0,141,suspense e mistério,Baixa
O Castelo,Franz Kafka,Martin,4.0,1,suspense e mistério,Baixa
O Dossiê Pelicano,John Grisham,Rocco,4.0,955,suspense e mistério,Baixa
A Firma,John Grisham,Arqueiro,4.0,1,suspense e mistério,Baixa
Marionete,Daniel Cole,Arqueiro,4.0,348,suspense e mistério,Baixa
Tudo É Eventual,Stephen King,Planeta,4.0,1,suspense e mistério,Baixa
Rose Madder ,Stephen King,Planeta,4.0,1,suspense e mistério,Baixa
A Firma,John Grisham,Rocco,4.0,1,suspense e mistério,Baixa
Contagem Regressiva,Ken Follett,Arqueiro,4.0,532,suspense e mistério,Baixa
O Pacto,Joe Hill,Arqueiro,4.0,5,suspense e mistério,Baixa
Ponto de Impacto,Dan Brown,Sextante,4.0,31,suspense e mistério,Baixa
Ponto de Impacto,Dan Brown,Arqueiro,4.0,31,suspense e mistério,Baixa
Perversas,Sara Shepard,Rocco,4.0,2,suspense e mistério,Baixa
Os Segredos Mais Secretos das Pretty Little Liars,Sara Shepard,Rocco,4.0,748,suspense e mistério,Baixa
Devastadoras,Sara Shepard,Rocco,4.0,444,suspense e mistério,Baixa
Perfeitas,Sara Shepard,Rocco,4.0,4,suspense e mistério,Baixa
Palácio da traição,Jason Matthews,Editora,4.0,36,suspense e mistério,Baixa
Tripulação de Esqueletos,Stephen King,Planeta,4.0,1,suspense e mistério,Baixa
A Queda,Guillermo del Toro,Rocco,4.0,1,suspense e mistério,Baixa
Dexter: Design de um Assassino,Jeff Lindsay,Planeta,4.0,1,suspense e mistério,Baixa
O Álibi,Sandra Brown,Rocco,4.0,234,suspense e mistério,Baixa
Bela Maldade,Rebecca James,Intrínseca,4.0,3,suspense e mistério,Baixa
O Circo da Noite,Erin Morgenstern,Intrínseca,4.0,4,suspense e mistério,Baixa
Ratos,Gordon Reece,Intrínseca,4.0,2,suspense e mistério,Baixa
O Circo da Noite,Erin Morgenstern,Intrínseca,4.0,4,suspense e mistério,Baixa
Cem Gramas de Centeio,Agatha Christie,Harper,4.0,2,suspense e mistério,Baixa
Cem Gramas de Centeio,Agatha Christie,HarperCollins,4.0,2,suspense e mistério,Baixa
A Maldição do Espelho,Agatha Christie,HarperCollins,4.0,3,suspense e mistério,Baixa
O Mistério dos Sete Relógios,Agatha Christie,HarperCollins,4.0,3,suspense e mistério,Baixa
O Artista da Morte,Daniel Silva,Rocco,4.0,96,suspense e mistério,Baixa
Um Pressentimento Funesto,Agatha Christie,HarperCollins,4.0,1,suspense e mistério,Baixa
Assassinato na Casa do Pastor,Agatha Christie,HarperCollins,4.0,4,suspense e mistério,Baixa
Pines,Blake Crouch,Planeta,4.0,605,suspense e mistério,Baixa
Dexter em Cena,Jeff Lindsay,Planeta,4.0,574,suspense e mistério,Baixa
Contos Legais,John Grisham,Rocco,4.0,13,suspense e mistério,Baixa
A Troca,Sandra Brown,Rocco,4.0,115,suspense e mistério,Baixa
O Círculo Matarese,Robert Ludlum,Rocco,4.0,92,suspense e mistério,Baixa
Código Explosivo,Ken Follett,Rocco,4.0,532,suspense e mistério,Baixa
A Firma,John Grisham,Rocco,4.0,1,suspense e mistério,Baixa
Ben-Hur,Lewis Wallace,Martin,4.0,731,suspense e mistério,Baixa
Malorie,Josh Malerman,Intrínseca,4.0,1,suspense e mistério,Baixa
Areia Movediça,Malin Persson Giolito,Intrínseca,3.9,557,suspense e mistério,Baixa
Vejo Vocês em Breve,Mary Higgins Clark,Rocco,3.9,188,suspense e mistério,Baixa
O Sócio,John Grisham,Rocco,3.9,672,suspense e mistério,Baixa
A Guerra dos Mundos,H. G. Wells,Martin,3.9,2,suspense e mistério,Baixa
Rosas de Maio,Dot Hutchison,Planeta,3.9,275,suspense e mistério,Baixa
Preciso Saber,Karen Cleveland,Planeta,3.9,160,suspense e mistério,Baixa
Festa de Halloween,R. L. Stine,Rocco,3.9,276,suspense e mistério,Baixa
O Grito Silencioso,Diane Hoh,Rocco,3.9,111,suspense e mistério,Baixa
Noturno,Guillermo del Toro,Rocco,3.9,2,suspense e mistério,Baixa
A Maldição do Cigano,Stephen King,Planeta,3.9,3,suspense e mistério,Baixa
A Trilogia de Nova Iorque,Paul Auster,Planeta,3.9,596,suspense e mistério,Baixa
Os Olhos Do Dragão,Stephen King,Planeta,3.9,2,suspense e mistério,Baixa
Noite Eterna,Chuck Hogan,Rocco,3.9,738,suspense e mistério,Baixa
Impecáveis,Sara Shepard,Rocco,3.9,5,suspense e mistério,Baixa
Latitudes Piratas,Michael Crichton,Rocco,3.9,73,suspense e mistério,Baixa
Maldosas,Sara Shepard,Rocco,3.9,8,suspense e mistério,Baixa
A Princesa de Gelo,Camilla Läckberg,Planeta,3.9,722,suspense e mistério,Baixa
Um Desafio para Cross,James Patterson,Rocco,3.9,207,suspense e mistério,Baixa
Matar Alguém,Roger Franchini,Planeta,3.9,37,suspense e mistério,Baixa
Penitência,Kanae Minato,Gutenberg,3.9,236,suspense e mistério,Baixa
O Artífice,Tony Ferraz,Universo,3.9,178,suspense e mistério,Baixa
O Médico e o Monstro,Robert Louis Stevenson,Martin,3.9,14,suspense e mistério,Baixa
A Gaiola de Ouro,Camilla Läckberg,Arqueiro,3.9,671,suspense e mistério,Baixa
Tripla espionagem,Ken Follett,Editora,3.9,339,suspense e mistério,Baixa
Amanhecer,Stephenie Meyer,Intrínseca,3.9,82,suspense e mistério,Baixa
Amanhecer,Stephenie Meyer,Intrínseca,3.9,82,suspense e mistério,Baixa
Amanhecer,Stephenie Meyer,Intrínseca,3.9,82,suspense e mistério,Baixa
Amanhecer,Stephenie Meyer,Intrínseca,3.9,82,suspense e mistério,Baixa
Os Elefantes Não Esquecem,Agatha Christie,Nova,3.9,9,suspense e mistério,Baixa
A Mansão Hollow,Agatha Christie,Nova,3.9,7,suspense e mistério,Baixa
Tudo O Que Restou,Kerry Lonsdale,Universo,3.9,112,suspense e mistério,Baixa
Tudo o que deixamos para trás,Kerry Lonsdale,Universo,3.9,29,suspense e mistério,Baixa
Cidade nas Trevas,Adam Christopher,Intrínseca,3.9,157,suspense e mistério,Baixa
O demônio na Cidade Branca,Erik Larson,Intrínseca,3.9,284,suspense e mistério,Baixa
Amanhecer ,Stephenie Meyer,Intrínseca,3.9,82,suspense e mistério,Baixa
Amanhecer,Stephenie Meyer,Intrínseca,3.9,82,suspense e mistério,Baixa
Um Mistério no Caribe,Agatha Christie,HarperCollins,3.9,2,suspense e mistério,Baixa
A Noite das Bruxas,Agatha Christie,HarperCollins,3.9,3,suspense e mistério,Baixa
A Extravagância do Morto,Agatha Christie,HarperCollins,3.9,2,suspense e mistério,Baixa
Nêmesis (Nemesis),Agatha Christie,Harper,3.9,2,suspense e mistério,Baixa
Agente do Caos,Kami Garcia,HarperCollins,3.9,117,suspense e mistério,Baixa
O Golpe,Christopher Reich,Arqueiro,3.9,59,suspense e mistério,Baixa
A Chave de Rebecca,Ken Follett,Arqueiro,3.9,726,suspense e mistério,Baixa
Nêmesis,Agatha Christie,HarperCollins,3.9,2,suspense e mistério,Baixa
A Estrada da Noite,Joe Hill,Arqueiro,3.9,10,suspense e mistério,Baixa
À Beira da Eternidade,Melissa E. Hurst,Galera,3.9,184,suspense e mistério,Baixa
6º Alvo,James Patterson,Arqueiro,3.9,474,suspense e mistério,Baixa
Inquebrável ,Kami Garcia,Galera,3.9,336,suspense e mistério,Baixa
Tom Jones,Henry Fielding,Rocco,3.9,268,suspense e mistério,Baixa
Cornelia,Florencia Etcheves,Editora,3.8,2,suspense e mistério,Baixa
O Moço Loiro,Joaquim Manuel de Macedo,Martin,3.8,444,suspense e mistério,Baixa
O Homem de Giz,C.J. Tudor,Intrínseca,3.8,14,suspense e mistério,Baixa
Recursos Desumanos,Pierre Lemaitre,Editora,3.8,44,suspense e mistério,Baixa
A Filha do Rei do Pântano,Karen Dionne,Verus,3.8,1,suspense e mistério,Baixa
Bela Gentileza,Diane Hoh,Rocco,3.8,124,suspense e mistério,Baixa
A Garota Perfeita,Mary Kubica,Planeta,3.8,1,suspense e mistério,Baixa
O Estranho,Camilla Läckberg,Planeta,3.8,251,suspense e mistério,Baixa
Um caso de necessidade,Michael Crichton,Rocco,3.8,75,suspense e mistério,Baixa
Mary Reilly,Valerie Martin,Rocco,3.8,34,suspense e mistério,Baixa
O Servo dos Ossos,Anne Rice,Rocco,3.8,528,suspense e mistério,Baixa
A Última Festa (e-Book),Lucy Foley,Intrínseca,3.8,5,suspense e mistério,Baixa
Tempo Estranho,Joe Hill,HarperCollins,3.8,189,suspense e mistério,Baixa
Ninguém Pode Saber,Karin Slaughter,HarperCollins,3.8,373,suspense e mistério,Baixa
Única Filha, Anna Snoekstra ,HarperCollins,3.8,866,suspense e mistério,Baixa
Operação Red Sparrow,Jason Matthews,Arqueiro,3.8,1,suspense e mistério,Baixa
Um Corpo na Biblioteca,Agatha Christie,HarperCollins,3.8,8,suspense e mistério,Baixa
O Caso do Marquês Desaparecido,Nancy Springer,Verus,3.8,472,suspense e mistério,Baixa
A Pedra Proibida,Tony Abbott,Galera,3.8,24,suspense e mistério,Baixa
Leonardo da Vinci e os sete crimes de Roma,Guillaume Prévost,Gutenberg,3.8,29,suspense e mistério,Baixa
Um Estudo em Charlotte,Brittany Cavallaro,Rocco,3.8,859,suspense e mistério,Baixa
O Fio do Bisturi,Tess Gerritsen,HarperCollins,3.8,947,suspense e mistério,Baixa
Território Lovecraft,Matt Ruff,Intrínseca,3.8,950,suspense e mistério,Baixa
Homeland: Como Tudo Começou,Andrew Kaplan,Intrínseca,3.8,256,suspense e mistério,Baixa
Gravity Falls: Ao Esquisito e Além,Joe Books,Universo,3.8,18,suspense e mistério,Baixa
Os Trabalhos de Hércules,Agatha Christie,Harper,3.8,2,suspense e mistério,Baixa
Corrupt,Penelope Douglas,The,3.8,536,suspense e mistério,Baixa
O Caso Caravaggio ,Daniel Silva,Harper,3.8,157,suspense e mistério,Baixa
Zoo,James Patterson,Editora,3.8,665,suspense e mistério,Baixa
Um Corpo na Biblioteca,Agatha Christie,Nova,3.8,8,suspense e mistério,Baixa
Selvagens,Don Winslow,Intrínseca,3.8,987,suspense e mistério,Baixa
A Herdeira,Daniel Silva,HarperCollins,3.8,79,suspense e mistério,Baixa
Lua de Mel,James Patterson,Arqueiro,3.8,683,suspense e mistério,Baixa
A Garota Inglesa,Daniel Silva,Arqueiro,3.8,152,suspense e mistério,Baixa
Roleta Russa,Jason Matthews,Arqueiro,3.8,1,suspense e mistério,Baixa
Revenge - Treinamento Para Vingança,Jesse Lasky,Planeta,3.8,365,suspense e mistério,Baixa
A Desconhecida,Mary Kubica,Planeta,3.8,368,suspense e mistério,Baixa
O que Aconteceu com Annie,C.J. Tudor,Intrínseca,3.8,4,suspense e mistério,Baixa
A Última Festa,Lucy Foley,Intrínseca,3.8,5,suspense e mistério,Baixa
O Homem de Giz,C.J. Tudor,Intrínseca,3.8,14,suspense e mistério,Baixa
A Última Festa (e-Book),Lucy Foley,Intrínseca,3.8,5,suspense e mistério,Baixa
Território Lovecraft,Matt Ruff,Intrínseca,3.8,950,suspense e mistério,Baixa
A Última Festa,Lucy Foley,Intrínseca,3.8,5,suspense e mistério,Baixa
O Desgosto de August,Brittany Cavallaro,Rocco,3.8,70,suspense e mistério,Baixa
O Que Aconteceu Com Annie,C.J. Tudor,Intrínseca,3.8,4,suspense e mistério,Baixa
A Loura,Duane Swierczynski,Rocco,3.8,6,suspense e mistério,Baixa
O Caso Laura,André Vianco,Rocco,3.8,1,suspense e mistério,Baixa
Arthur & George,Julian Barnes ,Rocco,3.8,31,suspense e mistério,Baixa
Dexter no Escuro,Jeff Lindsay,Planeta,3.8,2,suspense e mistério,Baixa
O Diário de Dora Damage,Belinda Starling,Rocco,3.8,13,suspense e mistério,Baixa
Sete Contos de Arrepiar,José Flávio Morais,Rocco,3.7,9,suspense e mistério,Baixa
A jangada,Júlio Verne,Planeta,3.7,112,suspense e mistério,Baixa
Você,Caroline Kepnes,Rocco,3.7,1,suspense e mistério,Baixa
O Nome da Estrela (The Name of the Star),Maureen Johnson,Rocco,3.7,409,suspense e mistério,Baixa
O Advogado,John Grisham,Rocco,3.7,1,suspense e mistério,Baixa
O Vendedor de Armas,Hugh Laurie,Planeta,3.7,2,suspense e mistério,Baixa
Desejos Macabros,Diane Hoh,Rocco,3.7,93,suspense e mistério,Baixa
O Testamento,John Grisham,Rocco,3.7,888,suspense e mistério,Baixa
O Vendedor de Armas,Hugh Laurie,Planeta,3.7,2,suspense e mistério,Baixa
Inspeção,Josh Malerman,Intrínseca,3.7,390,suspense e mistério,Baixa
1876,Gore Vidal,Rocco,3.7,12,suspense e mistério,Baixa
Em Águas Profundas,Patricia Highsmith,Intrínseca,3.7,100,suspense e mistério,Baixa
A essência do mal,Luca D'Andrea,Intrínseca,3.7,696,suspense e mistério,Baixa
Atração Fatal,Diane Hoh,Rocco,3.7,77,suspense e mistério,Baixa
Anjo da Guarda,Sara Paretsky,Rocco,3.7,6,suspense e mistério,Baixa
O Romance,James A. Michener,Rocco,3.7,7,suspense e mistério,Baixa
O Homem Invisível,H. G. Wells,Martin,3.7,2,suspense e mistério,Baixa
O Hipnotista,Lars Kepler,Intrínseca,3.7,2,suspense e mistério,Baixa
Observe-me,Kimberly Knight,The,3.7,48,suspense e mistério,Baixa
O Pesadelo,Lars Kepler,Intrínseca,3.7,726,suspense e mistério,Baixa
A Sonâmbula,Diane Hoh,Rocco,3.7,139,suspense e mistério,Baixa
A Temporada das Marchas,Daniel Silva,Rocco,3.7,26,suspense e mistério,Baixa
A Profecia do Paraíso,Robert Browne,Planeta,3.7,99,suspense e mistério,Baixa
Dexter Está Morto,Jeff Lindsay,Planeta,3.7,386,suspense e mistério,Baixa
Fantasma,Jason Reynolds,Intrínseca,3.7,6,suspense e mistério,Baixa
Uma Mentira Perfeita,Lisa Scottoline,HarperCollins,3.7,200,suspense e mistério,Baixa
Advogado do Diabo,Jonathan Maberry,HarperCollins,3.7,123,suspense e mistério,Baixa
O Canto dos Segredos,Tana French,Rocco,3.7,58,suspense e mistério,Baixa
Você Está Sendo Vigiado,Gregg Hurwitz,Arqueiro,3.7,812,suspense e mistério,Baixa
Bodas de sangue,Pierre Lemaitre,Gutenberg,3.7,129,suspense e mistério,Baixa
O Dom,Robert Ovies,Verus,3.7,184,suspense e mistério,Baixa
Você,Caroline Kepnes,Rocco,3.7,1,suspense e mistério,Baixa
A Caça,M.A. Bennett,Arqueiro,3.6,587,suspense e mistério,Baixa
Os Justiceiros,Stephen King,Planeta,3.6,801,suspense e mistério,Baixa
O Confronto,L. J. Smith,Galera,3.6,22,suspense e mistério,Baixa
A Outra Casa,Sophie Hannah,Rocco,3.6,155,suspense e mistério,Baixa
A exceção,Christian Jungersen,Intrínseca,3.6,188,suspense e mistério,Baixa
O Rei de Amarelo,Robert W. Chambers,Intrínseca,3.6,3,suspense e mistério,Baixa
Uma Mulher Perfeita,James Grippando,Casa,3.6,261,suspense e mistério,Baixa
Restos Humanos,Elizabeth Haynes,Intrínseca,3.6,1,suspense e mistério,Baixa
Temporada de acidentes,Moïra Fowley-Doyle,Intrínseca,3.6,1,suspense e mistério,Baixa
A Filha,Jane Shemilt,HarperCollins,3.6,343,suspense e mistério,Baixa
A Fúria,L. J. Smith,Galera,3.6,18,suspense e mistério,Baixa
Não Voltarás,Hans Koppel,Verus,3.6,602,suspense e mistério,Baixa
O Mistério do Relógio na Parede,John Bellairs,Galera,3.6,422,suspense e mistério,Baixa
Férias Infernais (Vacations from hell),Maureen Johnson,Galera,3.6,532,suspense e mistério,Baixa
Os Crimes do Monograma,Sophie Hannah,Nova,3.6,960,suspense e mistério,Baixa
O Rei de Amarelo,Robert W. Chambers,Intrínseca,3.6,3,suspense e mistério,Baixa
Fim de Semana Alucinante,R. L. Stine,Rocco,3.6,145,suspense e mistério,Baixa
O Livro dos Horrores,Diane Hoh,Rocco,3.6,78,suspense e mistério,Baixa
O Último Evangelho,David Gibbins,Planeta,3.6,84,suspense e mistério,Baixa
A Iniciação,Diane Hoh,Rocco,3.6,79,suspense e mistério,Baixa
Esaú e Jacó,Machado de Assis,Martin,3.6,3,suspense e mistério,Baixa
Prisioneiras,Diane Hoh,Rocco,3.6,43,suspense e mistério,Baixa
A Voz no Espelho,Diane Hoh,Rocco,3.6,77,suspense e mistério,Baixa
Em Um Bosque Muito Escuro,Ruth Ware,Rocco,3.6,527,suspense e mistério,Baixa
O Sussurro,Diane Hoh,Rocco,3.6,51,suspense e mistério,Baixa
A Marca do Assassino,Daniel Silva,Rocco,3.6,56,suspense e mistério,Baixa
DESAFIO MORTAL,Joy Fielding,Rocco,3.6,10,suspense e mistério,Baixa
Não se esqueça de mim!,R. L. Stine,Rocco,3.5,41,suspense e mistério,Baixa
A força do passado,Sandro Veronesi,Rocco,3.5,3,suspense e mistério,Baixa
O Caso da Mansão Deboën,Edgar Cantero,Intrínseca,3.5,497,suspense e mistério,Baixa
O Demônio e a Srta. Prym,Paulo Coelho,Rocco,3.5,6,suspense e mistério,Baixa
A Verdade ou a Morte,Diane Hoh,Rocco,3.5,105,suspense e mistério,Baixa
Argo,Antonio Mendez,Intrínseca,3.5,527,suspense e mistério,Baixa
A mão que te alimenta,A. J. Rich,Record,3.5,637,suspense e mistério,Baixa
Noite de Tempestade,John Sandford,Arqueiro,3.5,176,suspense e mistério,Baixa
Amores Infernais,Scott Westerfeld,Galera,3.5,2,suspense e mistério,Baixa
Todas as Garotas Desaparecidas,Megan Miranda,Verus,3.5,921,suspense e mistério,Baixa
Verum,Courtney Cole,Verus,3.5,53,suspense e mistério,Baixa
O Jogo da Mentira,Ruth Ware,Rocco,3.5,203,suspense e mistério,Baixa
Corpos Ocultos,Caroline Kepnes,Rocco,3.5,273,suspense e mistério,Baixa
Todas as Garotas Desaparecidas,Megan Miranda,Verus,3.5,921,suspense e mistério,Baixa
A Mãe Perfeita,Aimee Molloy,HarperCollins,3.5,160,suspense e mistério,Baixa
As Elizas,Sara Shepard,HarperCollins,3.5,198,suspense e mistério,Baixa
Dôssie Drácula,James Reese,Planeta,3.5,102,suspense e mistério,Baixa
O Aprendiz de Gutenberg,Alix Christie,Planeta,3.5,18,suspense e mistério,Baixa
O Talismã,Sir Walter Scott,Rocco,3.5,21,suspense e mistério,Baixa
O Demônio e a Srta. Prym,Paulo Coelho,Planeta,3.5,6,suspense e mistério,Baixa
A Bíblia do diabo,Richard Dübell,Planeta,3.5,65,suspense e mistério,Baixa
A Mulher Na Cabine 10,Ruth Ware,Rocco,3.5,2,suspense e mistério,Baixa
O caso da mansão Deboën,Edgar Cantero,Intrínseca,3.5,497,suspense e mistério,Baixa
Garotas Como Nós,Dana Mele,Universo,3.5,292,suspense e mistério,Baixa
UFOs,Curt Sutherly,Universo,3.5,31,suspense e mistério,Baixa
Contos de Fadas Norte-Americanos,L. Frank Baum,Martin,3.5,113,suspense e mistério,Baixa
O Demônio e a Srta. Prym,Paulo Coelho,Sextante,3.5,6,suspense e mistério,Baixa
Eu Sei Onde Você Está,Claire Kendal,Intrínseca,3.5,565,suspense e mistério,Baixa
Eu Sei Onde Você Está,Claire Kendal,Intrínseca,3.5,565,suspense e mistério,Baixa
Contágio,David Koepp,HarperCollins,3.5,82,suspense e mistério,Baixa
Inigualável ,Alyson Noël,HarperCollins,3.5,213,suspense e mistério,Baixa
O Caçador de Demônios,Wesley Snipes,HarperCollins,3.5,37,suspense e mistério,Baixa
Caixão Fechado,Sophie Hannah,HarperCollins,3.5,150,suspense e mistério,Baixa
Nunca Jamais,Colleen Hoover,Galera,3.4,1,suspense e mistério,Baixa
Antes da Queda,Noah Hawley,Intrínseca,3.4,330,suspense e mistério,Baixa
Colheita,James Frey,Intrínseca,3.4,43,suspense e mistério,Baixa
Os deixados para trás,Tom Perrotta,Intrínseca,3.4,701,suspense e mistério,Baixa
Os deixados para trás,Tom Perrotta,Intrínseca,3.4,701,suspense e mistério,Baixa
Querida Filha,Elizabeth Little,Rocco,3.4,52,suspense e mistério,Baixa
Lição de Morte,Diane Hoh,Rocco,3.4,100,suspense e mistério,Baixa
A Sombra da Lua,John Sandford,Arqueiro,3.4,354,suspense e mistério,Baixa
O Jantar,Herman Koch,Intrínseca,3.4,658,suspense e mistério,Baixa
Guerreiro Tigre,David Gibbins,Planeta,3.4,71,suspense e mistério,Baixa
O Despertar,L. J. Smith,Galera,3.4,32,suspense e mistério,Baixa
O Sequestro,Diane Hoh,Rocco,3.4,56,suspense e mistério,Baixa
O Sabá das Feiticeiras,John Updike,Rocco,3.4,51,suspense e mistério,Baixa
A Namorada Perfeita,Karen Hamilton,Rocco,3.4,74,suspense e mistério,Baixa
Catfish,Lynda Throsby,AllBook,3.3,54,suspense e mistério,Baixa
"Não Chore, Não",Mary Kubica,Planeta,3.3,271,suspense e mistério,Baixa
Uma garota de Muita Sorte,Jessica Knoll,Rocco,3.3,111,suspense e mistério,Baixa
A Contrapartida,Uranio Bonoldi,Valentina,3.3,187,suspense e mistério,Baixa
Passageiro para Frankfurt,Agatha Christie,HarperCollins,3.3,1,suspense e mistério,Baixa
Acerto de Contas,John Grisham,Arqueiro,3.3,81,suspense e mistério,Baixa
Ponto Cego,Rebecca Scherm,Rocco,3.3,12,suspense e mistério,Baixa
O Fecho,Sloane Crosley,Rocco,3.3,6,suspense e mistério,Baixa
O Manuscrito,Chris Pavone,Arqueiro,3.3,181,suspense e mistério,Baixa
A Mulher Silenciosa,A.S.A. Harrison,Intrínseca,3.3,1,suspense e mistério,Baixa
Vingança da Maré,Elizabeth Haynes,Intrínseca,3.3,570,suspense e mistério,Baixa
Beijos Infernais (Kisses from hell),Kristin Cast,Galera,3.3,1,suspense e mistério,Baixa
Meninas selvagens,Rory Power,Galera,3.2,601,suspense e mistério,Baixa
Arrowood,Mick Finlay,HarperCollins,3.2,26,suspense e mistério,Baixa
Meninas Selvagens,Rory Power,Galera,3.2,601,suspense e mistério,Baixa
Tão Mais Bonita,Cara Hoffman,Intrínseca,3.2,267,suspense e mistério,Baixa
Aqueles Que Perdemos,Sheena Kamal,HarperCollins,3.2,72,suspense e mistério,Baixa
Formaturas Infernais (Prom nights from hell),Meg Cabot,Galera,3.2,21,suspense e mistério,Baixa
Vamos Passear no Bosque,Ruth Rendell,Rocco,3.2,16,suspense e mistério,Baixa
Sinuca de Bico,Josh Bazell,Rocco,3.1,27,suspense e mistério,Baixa
O Enigma do Quatro,Ian Caldwell,Planeta,3.1,1,suspense e mistério,Baixa
O Monstro,Diane Hoh,Rocco,3.1,23,suspense e mistério,Baixa
Louras Zumbis,Brian James,Galera,3.1,587,suspense e mistério,Baixa
A Nona Configuração,William Peter Blatty,Harper,3.1,684,suspense e mistério,Baixa
A Geração do Meio,Margaret Drabble,Rocco,3.0,2,suspense e mistério,Baixa
Quattrocento,James McKean,Rocco,3.0,11,suspense e mistério,Baixa
Latitudes Piratas,Michael Crichton,Rocco,3.0,1,suspense e mistério,Baixa
Uma Casa No Fundo de Um Lago,Josh Malerman,Intrínseca,3.0,4,suspense e mistério,Baixa
Morte No Verão,Benjamin Black,Rocco,3.0,43,suspense e mistério,Baixa
As moscas azuis,Carmen Posadas,Planeta,2.9,24,suspense e mistério,Baixa
Os Crimes do Mosaico,Giulio Leoni,Planeta,2.9,693,suspense e mistério,Baixa
A Febre,Megan Abbott ,Intrínseca,2.9,977,suspense e mistério,Baixa
Os Saqueadores,Tom Cooper,Rocco,2.8,11,suspense e mistério,Baixa
Contos - Volume III,H. P. Lovecraft,Martin,0.0,0,suspense e mistério,Baixa
Contos - Volume III,H. P. Lovecraft,Martin,0.0,0,suspense e mistério,Baixa
Errantes,Florencia Etcheves,Editora,0.0,0,suspense e mistério,Baixa
Contos - Volume III,H. P. Lovecraft,Martin,0.0,0,suspense e mistério,Baixa
Contos - Volume III,H. P. Lovecraft,Martin,0.0,0,suspense e mistério,Baixa
Scarlet and Ivy - The Whispers in the Walls,Sophie Cleverly,HarperCollins,0.0,0,suspense e mistério,Baixa
