titulo,autor,idioma,editora,media_avaliacao,total_avaliacao,abandonos,relendo,querem_ler,lendo,leram,genero_literario,genero,grau_popularidade
Offering to the storm,Dolores Redondo,inglês,HarperCollins,5.0,1,0,0,1,0,0,suspense e mistério,Feminino,Média
Os Filhos do Capitão Grant,Júlio Verne,português,Jornal,5.0,1,1,0,10,0,5,suspense e mistério,Feminino,Média
A prova,Agota Kristof,português,Rocco,5.0,1,0,0,3,0,3,suspense e mistério,Feminino,Média
A prova,Agota Kristof,português,Rocco,5.0,1,0,0,3,0,3,suspense e mistério,Feminino,Média
A prova,Agota Kristof,português,Rocco,5.0,1,0,0,3,0,3,suspense e mistério,Feminino,Média
Harry Potter e as Relíquias da Morte,J.K. Rowling ,português,Rocco,4.8,109,715,688,101,2,320,suspense e mistério,Feminino,Baixa
Harry Potter e as Relíquias da Morte,J.K. Rowling ,português,Rocco,4.8,109,715,688,101,2,320,suspense e mistério,Feminino,Baixa
Harry Potter e as Relíquias da Morte,J.K. Rowling ,português,Rocco,4.8,109,715,688,101,2,320,suspense e mistério,Feminino,Baixa
Harry Potter e as Relíquias da Morte,J.K. Rowling ,português,Rocco,4.8,109,715,688,101,2,320,suspense e mistério,Feminino,Baixa
Harry Potter e as Relíquias da Morte,J.K. Rowling ,português,Rocco,4.8,109,715,688,101,2,320,suspense e mistério,Feminino,Baixa
Harry Potter e As Relíquias da Morte,J.K. Rowling ,português,Rocco,4.8,109,715,688,101,2,320,suspense e mistério,Feminino,Baixa
Harry Potter e o Enigma do Príncipe,J.K. Rowling ,português,Rocco,4.7,110,606,481,99,2,326,suspense e mistério,Feminino,Baixa
Harry Potter e o Enigma do Príncipe,J.K. Rowling ,português,Rocco,4.7,110,606,481,99,2,326,suspense e mistério,Feminino,Baixa
Box - Sherlock Holmes - 4 Volumes,Sir Arthur Conan Doyle,português,HarperCollins,4.7,491,15,8,2,475,776,suspense e mistério,Feminino,Baixa
Harry Potter e o Prisioneiro de Azkaban,J.K. Rowling ,português,Rocco,4.7,132,737,609,58,3,376,suspense e mistério,Feminino,Baixa
Harry Potter e o Prisioneiro de Azkaban,J.K. Rowling ,português,Rocco,4.7,132,737,609,58,3,376,suspense e mistério,Feminino,Baixa
Harry Potter e o Enigma do Príncipe,J.K. Rowling ,português,Rocco,4.7,110,606,481,99,2,326,suspense e mistério,Feminino,Baixa
Harry Potter e o Prisioneiro de Azkaban,J.K. Rowling ,português,Rocco,4.7,132,737,609,58,3,376,suspense e mistério,Feminino,Baixa
Harry Potter e o Enigma do Príncipe,J.K. Rowling ,português,Rocco,4.7,110,606,481,99,2,326,suspense e mistério,Feminino,Baixa
Harry Potter e o Prisioneiro de Azkaban,J.K. Rowling ,português,Rocco,4.7,132,737,609,58,3,376,suspense e mistério,Feminino,Baixa
Harry Potter e o Enigma do Príncipe,J.K. Rowling ,português,Rocco,4.7,110,606,481,99,2,326,suspense e mistério,Feminino,Baixa
Harry Potter e o Prisioneiro de Azkaban,J.K. Rowling ,português,Rocco,4.7,132,737,609,58,3,376,suspense e mistério,Feminino,Baixa
Harry Potter e o Prisioneiro de Azkaban,J.K. Rowling ,português,Rocco,4.7,132,737,609,58,3,376,suspense e mistério,Feminino,Baixa
Harry Potter e o Cálice de Fogo,J.K. Rowling ,português,Rocco,4.6,120,1,700,86,4,350,suspense e mistério,Feminino,Baixa
Harry Potter e a Ordem da Fênix,J.K. Rowling ,português,Rocco,4.6,111,1,629,94,4,327,suspense e mistério,Feminino,Baixa
Os Pilares da Terra,Ken Follett,português,Rocco,4.6,4,174,17,8,822,6,suspense e mistério,Feminino,Baixa
O Enigma do Quarto 622,Joël Dicker,português,Intrínseca,4.6,66,0,0,306,107,45,suspense e mistério,Feminino,Baixa
Harry Potter e a Pedra Filosofal,J.K. Rowling ,português,Rocco,4.6,169,1,1,50,6,466,suspense e mistério,Feminino,Baixa
Harry Potter e o Cálice de Fogo,J.K. Rowling ,português,Rocco,4.6,120,1,700,86,4,350,suspense e mistério,Feminino,Baixa
Box Coleção Agatha Christie,Agatha Christie,português,Nova,4.6,72,3,1,527,8,141,suspense e mistério,Feminino,Baixa
Elizabeth & Mary,Jane Dunn,português,Rocco,4.6,20,0,0,241,7,37,suspense e mistério,Feminino,Baixa
Harry Potter e a Ordem da Fênix,J.K. Rowling ,português,Rocco,4.6,111,1,629,94,4,327,suspense e mistério,Feminino,Baixa
A Casa de Hades,Rick Riordan,português,Intrínseca,4.6,24,296,76,16,1,47,suspense e mistério,Feminino,Baixa
Harry Potter e a Pedra Filosofal ,J.K. Rowling ,português,Rocco,4.6,169,1,1,50,6,466,suspense e mistério,Feminino,Baixa
Os Pilares da Terra,Ken Follett,português,Rocco,4.6,4,174,17,8,822,6,suspense e mistério,Feminino,Baixa
Harry Potter e a Pedra Filosofal,J.K. Rowling ,português,Rocco,4.6,169,1,1,50,6,466,suspense e mistério,Feminino,Baixa
Harry Potter e a Ordem da Fênix,J.K. Rowling ,português,Rocco,4.6,111,1,629,94,4,327,suspense e mistério,Feminino,Baixa
Harry Potter e o Cálice de Fogo,J.K. Rowling ,português,Rocco,4.6,120,1,700,86,4,350,suspense e mistério,Feminino,Baixa
Harry Potter e a Ordem da Fênix,J.K. Rowling ,português,Rocco,4.6,111,1,629,94,4,327,suspense e mistério,Feminino,Baixa
Harry Potter e a Ordem da Fênix,J.K. Rowling ,português,Rocco,4.6,111,1,629,94,4,327,suspense e mistério,Feminino,Baixa
Harry Potter e a Pedra Filosofal,J.K. Rowling ,português,Rocco,4.6,169,1,1,50,6,466,suspense e mistério,Feminino,Baixa
A Coisa,Stephen King,português,Planeta,4.6,17,1,127,47,7,27,suspense e mistério,Feminino,Baixa
Xógum,James Clavell,português,Sextante,4.6,1,92,19,1,133,2,suspense e mistério,Feminino,Baixa
Harry Potter e o Cálice de Fogo,J.K. Rowling ,português,Rocco,4.6,120,1,700,86,4,350,suspense e mistério,Feminino,Baixa
Crime e Castigo,Fiódor Dostoiévski,português,Martin,4.6,17,2,179,41,4,32,suspense e mistério,Feminino,Baixa
À Espera de um Milagre,Stephen King,português,Planeta,4.6,6,244,12,10,344,12,suspense e mistério,Feminino,Baixa
Harry Potter e a Ordem da Fênix,J.K. Rowling ,português,Rocco,4.6,111,1,629,94,4,327,suspense e mistério,Feminino,Baixa
Harry Potter e o Cálice De Fogo,J.K. Rowling ,português,Rocco,4.6,120,1,700,86,4,350,suspense e mistério,Feminino,Baixa
Box Coleção Agatha Christie,Agatha Christie,português,Nova,4.6,316,5,2,808,59,588,suspense e mistério,Feminino,Baixa
A Marca de Atena,Rick Riordan,português,Intrínseca,4.5,29,472,90,56,1,57,suspense e mistério,Feminino,Baixa
O Jardim Esquecido,Kate Morton,português,Arqueiro,4.5,529,12,1,2,42,685,suspense e mistério,Feminino,Baixa
Harry Potter e a Câmara Secreta,J.K. Rowling ,português,Rocco,4.5,142,954,762,40,4,400,suspense e mistério,Feminino,Baixa
"Box Coleção Agatha Christie: Hora Zero, O natal de Poirot, Treze à mesa",Agatha Christie,português,HarperCollins,4.5,34,1,0,271,3,32,suspense e mistério,Feminino,Baixa
Sherlock Holmes - Volume 1,Arthur Conan Doyle,português,HarperCollins,4.5,239,9,1,279,139,272,suspense e mistério,Feminino,Baixa
Harry Potter e a Câmara Secreta,J.K. Rowling ,português,Rocco,4.5,142,954,762,40,4,400,suspense e mistério,Feminino,Baixa
A Marca de Atena,Rick Riordan,português,Intrínseca,4.5,29,472,90,56,1,57,suspense e mistério,Feminino,Baixa
Harry Potter e a Câmara Secreta,J.K. Rowling ,português,Rocco,4.5,142,954,762,40,4,400,suspense e mistério,Feminino,Baixa
Harry Potter e a Câmara Secreta,J.K. Rowling ,português,Rocco,4.5,142,954,762,40,4,400,suspense e mistério,Feminino,Baixa
Contos Góticos Russos,Nikolai Gógol,português,Martin,4.5,4,0,2,374,1,1,suspense e mistério,Feminino,Baixa
O Jardim Secreto de Eliza,Kate Morton,português,Rocco,4.5,529,12,1,2,42,685,suspense e mistério,Feminino,Baixa
O Iluminado,Stephen King,português,Planeta,4.5,23,928,98,28,2,38,suspense e mistério,Feminino,Baixa
Harry Potter e a Câmara Secreta,J.K. Rowling ,português,Rocco,4.5,142,954,762,40,4,400,suspense e mistério,Feminino,Baixa
Harry Potter e a Câmara Secreta,J.K. Rowling ,português,Rocco,4.5,142,954,762,40,4,400,suspense e mistério,Feminino,Baixa
Box Coleção Agatha Christie,Agatha Christie,português,Nova,4.4,86,2,0,491,17,155,suspense e mistério,Feminino,Baixa
Sniper de Elite,Scott McEwen,português,Universo,4.4,93,1,1,161,13,115,suspense e mistério,Feminino,Baixa
Flores Partidas,Karin Slaughter,português,HarperCollins,4.4,3,57,2,5,224,3,suspense e mistério,Feminino,Baixa
Volta Para Casa,Harlan Coben,português,Arqueiro,4.4,1,7,0,2,44,1,suspense e mistério,Feminino,Baixa
Julieta,Anne Fortier,português,Arqueiro,4.4,5,356,22,4,415,8,suspense e mistério,Feminino,Baixa
Flores Partidas,Karin Slaughter,português,HarperCollins,4.4,3,57,2,5,224,3,suspense e mistério,Feminino,Baixa
Box Coleção Agatha Christie,Agatha Christie,português,Nova,4.4,218,1,1,609,37,401,suspense e mistério,Feminino,Baixa
Inveja,J. R. Ward ,português,Universo,4.4,414,7,0,1,22,665,suspense e mistério,Feminino,Baixa
Valiant,Laurann Dohner,português,Universo,4.4,1,6,10,338,11,2,suspense e mistério,Masculino,Baixa
Os Filhos da Tempestade,Rodrigo de Oliveira,português,Planeta,4.4,218,2,3,1,19,252,suspense e mistério,Feminino,Baixa
Cilada,Harlan Coben,português,Arqueiro,4.4,8,155,10,7,295,13,suspense e mistério,Feminino,Baixa
Verity,Colleen Hoover,português,Galera,4.4,9,25,3,8,285,9,suspense e mistério,Feminino,Baixa
Desaparecido Para Sempre,Harlan Coben,português,Arqueiro,4.4,6,122,13,6,294,11,suspense e mistério,Feminino,Baixa
Quatro Estações,Stephen King,português,Planeta,4.4,3,113,3,4,398,5,suspense e mistério,Feminino,Baixa
Verity,Colleen Hoover,português,Galera,4.4,9,25,3,8,285,9,suspense e mistério,Feminino,Baixa
O Cemitério,Stephen King,português,Planeta,4.4,12,381,21,15,950,19,suspense e mistério,Feminino,Baixa
Branco Letal,Robert Galbraith,português,Rocco,4.4,899,9,0,1,120,1,suspense e mistério,Feminino,Baixa
Sobre Roderer,Guillermo Martínez,português,Planeta,4.4,8,0,0,4,1,8,suspense e mistério,Feminino,Baixa
Um Passo em Falso,Harlan Coben,português,Arqueiro,4.4,1,7,3,1,50,1,suspense e mistério,Feminino,Baixa
No Escuro,Elizabeth Haynes,português,Intrínseca,4.4,3,72,2,4,121,4,suspense e mistério,Feminino,Baixa
Gataca,Franck Thilliez,português,Intrínseca,4.4,442,5,1,987,29,595,suspense e mistério,Feminino,Baixa
Fascínio,J. R. Ward ,português,Universo,4.4,224,5,1,653,12,329,suspense e mistério,Feminino,Baixa
Custe O Que Custar,Harlan Coben,português,Arqueiro,4.4,124,0,0,556,23,101,suspense e mistério,Feminino,Baixa
Branco Letal,Robert Galbraith,português,Rocco,4.4,899,9,0,1,120,1,suspense e mistério,Feminino,Baixa
Julieta,Anne Fortier,português,"Arqueiro,",4.4,5,356,22,4,415,8,suspense e mistério,Feminino,Baixa
As Aventuras de Sherlock Holmes,Sir Arthur Conan Doyle,português,Martin,4.4,6,197,23,5,828,13,suspense e mistério,Feminino,Baixa
Frankenstein; O Médico e o Monstro; Drácula,Bram Stoker,português,Martin,4.4,889,41,6,1,212,1,suspense e mistério,Feminino,Baixa
Cilada,Harlan Coben,português,Sextante,4.4,8,155,10,7,295,13,suspense e mistério,Feminino,Baixa
Desaparecido Para Sempre,Harlan Coben,português,Sextante,4.4,6,122,13,6,294,11,suspense e mistério,Feminino,Baixa
Caim e Abel,Jeffrey Archer,português,Sextante,4.4,646,18,4,382,22,1,suspense e mistério,Feminino,Baixa
Julieta,Anne Fortier,português,Arqueiro,4.4,5,356,22,4,415,8,suspense e mistério,Feminino,Baixa
Desaparecido para Sempre,Harlan Coben,português,Arqueiro,4.4,6,122,13,6,294,11,suspense e mistério,Feminino,Baixa
A Esposa Silenciosa,Karin Slaughter,português,HarperCollins,4.4,100,0,0,1,21,93,suspense e mistério,Feminino,Baixa
Custe O Que Custar,Harlan Coben,português,Arqueiro,4.4,124,0,0,556,23,101,suspense e mistério,Feminino,Baixa
As Aventuras de Sherlock Holmes,Sir Arthur Conan Doyle,português,Martin,4.4,6,197,23,5,828,13,suspense e mistério,Feminino,Baixa
A última vítima,Silmara Izidoro,português,AllBook,4.4,32,0,0,54,3,38,suspense e mistério,Feminino,Baixa
O Homem que Ri,Victor Hugo,português,Martin,4.4,115,5,2,1,41,169,suspense e mistério,Feminino,Baixa
A Ladeira da Memória,José Geraldo Vieira,português,Edições,4.3,43,2,0,219,12,68,suspense e mistério,Feminino,Baixa
A Volta de Sherlock Holmes,Sir Arthur Conan Doyle,português,Martin,4.3,2,25,6,2,112,5,suspense e mistério,Feminino,Baixa
Minha Sombria Vanessa,Kate Elizabeth Russell,português,Intrínseca,4.3,2,48,3,6,389,2,suspense e mistério,Feminino,Baixa
Coraline,Neil Gaiman,português,Intrínseca,4.3,21,204,68,27,1,33,suspense e mistério,Feminino,Baixa
Hideaway,Penelope Douglas,português,The,4.3,54,0,0,249,6,52,suspense e mistério,Feminino,Baixa
Assassinato no Expresso do Oriente,Agatha Christie,português,HarperCollins,4.3,37,649,51,19,1,78,suspense e mistério,Feminino,Baixa
O Preço da Vitória,Harlan Coben,português,Arqueiro,4.3,1,10,2,2,37,2,suspense e mistério,Feminino,Baixa
Inferno,Dan Brown,português,Arqueiro,4.3,25,1,58,23,2,45,suspense e mistério,Feminino,Baixa
Finale,Becca Fitzpatrick,português,Intrínseca,4.3,18,313,41,13,658,33,suspense e mistério,Feminino,Baixa
A Viúva Negra,Daniel Silva,português,HarperCollins,4.3,90,2,0,912,10,123,suspense e mistério,Feminino,Baixa
A Casa Torta,Agatha Christie,português,HarperCollins,4.3,4,55,9,3,112,8,suspense e mistério,Feminino,Baixa
A Grande Ilusão,Harlan Coben,português,Arqueiro,4.3,1,7,2,2,77,2,suspense e mistério,Feminino,Baixa
A Toda Prova,Harlan Coben,português,Arqueiro,4.3,987,9,1,1,14,1,suspense e mistério,Feminino,Baixa
Que Falta Você Me Faz,Harlan Coben,português,Arqueiro,4.3,1,21,2,3,108,2,suspense e mistério,Feminino,Baixa
A Promessa,Harlan Coben,português,Arqueiro,4.3,1,13,5,5,67,2,suspense e mistério,Feminino,Baixa
Assassinato no Expresso do Oriente,Agatha Christie,português,Nova,4.3,37,649,51,19,1,78,suspense e mistério,Feminino,Baixa
Garota Exemplar,Gillian Flynn,português,Intrínseca,4.3,23,1,25,43,2,36,"o problema é: se não foi nick, onde está amy? e por que todas as pistas apontam para ele?suspense e mistério",Feminino,Baixa
Assassinato no Expresso do Oriente,Agatha Christie,português,HarperCollins,4.3,37,649,51,19,1,78,suspense e mistério,Feminino,Baixa
Garota Exemplar,Gillian Flynn,português,Intrínseca,4.3,23,1,25,43,2,36,"o problema é: se não foi nick, onde está amy? e por que todas as pistas apontam para ele?suspense e mistério",Feminino,Baixa
O Desaparecimento de Stephanie Mailer,Joël Dicker,português,Intrínseca,4.3,1,25,3,5,174,1,suspense e mistério,Feminino,Baixa
Garota Exemplar,Gillian Flynn,português,Intrínseca,4.3,23,1,25,43,2,36,suspense e mistério,Feminino,Baixa
O horror bate à porta,H. P. Lovecraft,português,Martin,4.3,8,0,0,106,5,5,suspense e mistério,Feminino,Baixa
Um Estudo Em Vermelho,Sir Arthur Conan Doyle,português,Martin,4.3,21,401,59,6,951,39,suspense e mistério,Feminino,Baixa
Coraline : Graphic Novel,Neil Gaiman,português,Rocco,4.3,21,204,68,27,1,33,suspense e mistério,Feminino,Baixa
Coraline,Neil Gaiman,português,Intrínseca,4.3,21,204,68,27,1,33,suspense e mistério,Feminino,Baixa
O Jardim Secreto,Frances Hodgson Burnett,português,HarperCollins,4.3,7,184,38,8,573,12,suspense e mistério,Feminino,Baixa
Dossiê,Arthur Conan Doyle,português,HarperCollins,4.3,5,0,0,4,1,2,suspense e mistério,Feminino,Baixa
Não Há Segunda Chance,Harlan Coben,português,Arqueiro,4.3,851,5,1,3,50,1,suspense e mistério,Feminino,Baixa
Anjos e Demônios,Dan Brown,português,Sextante,4.3,63,2,131,65,2,207,suspense e mistério,Feminino,Baixa
A Volta de Sherlock Holmes,Sir Arthur Conan Doyle,português,Martin,4.3,2,25,6,2,112,5,suspense e mistério,Feminino,Baixa
A Escolha,Silmara Izidoro,português,AllBook,4.3,27,2,0,436,27,26,suspense e mistério,Feminino,Baixa
Síndrome de quimera,Max Mallmann,português,Rocco,4.3,41,0,0,35,0,59,suspense e mistério,Feminino,Baixa
A Escolha,Silmara Izidoro,português,AllBook,4.3,27,2,0,436,27,26,suspense e mistério,Feminino,Baixa
Perigosas,Sara Shepard,português,Rocco,4.3,1,27,0,2,32,2,suspense e mistério,Feminino,Baixa
Os Arquivos de Sherlock Holmes,Sir Arthur Conan Doyle,português,Martin,4.3,223,1,0,277,14,372,suspense e mistério,Feminino,Baixa
Dentro do Espelho,Tana French,português,Rocco,4.3,37,1,0,240,9,52,suspense e mistério,Feminino,Baixa
A Mão de Fátima,Ildefonso Falcones,português,Rocco,4.3,92,4,0,261,11,119,suspense e mistério,Feminino,Baixa
Anjos e Demônios,Dan Brown,português,Sextante,4.3,63,2,131,65,2,207,suspense e mistério,Feminino,Baixa
Um Lugar Bem Longe Daqui,Delia Owens,português,Intrínseca,4.3,2,0,0,3,2,2,suspense e mistério,Feminino,Baixa
Nosferatu,Joe Hill,português,HarperCollins,4.3,1,59,4,3,231,2,suspense e mistério,Feminino,Baixa
Anjos e Demônios,Dan Brown,português,Sextante,4.3,63,2,131,65,2,207,suspense e mistério,Feminino,Baixa
Os Segredos de Ali,Sara Shepard,português,Rocco,4.3,393,11,0,967,30,626,suspense e mistério,Feminino,Baixa
A História Secreta,Donna Tartt,português,Planeta,4.3,911,26,4,1,130,1,suspense e mistério,Feminino,Baixa
Não Olhe!,FML Pepper,português,Valentina,4.3,5,98,8,6,222,7,suspense e mistério,Feminino,Baixa
Letais,Sara Shepard,português,Rocco,4.3,317,1,0,1,8,563,suspense e mistério,Feminino,Baixa
Anjos e Demônios,Dan Brown,português,Arqueiro,4.3,63,2,131,65,2,207,suspense e mistério,Feminino,Baixa
A Terra das Sombras,Meg Cabot,português,Galera,4.3,20,285,81,7,320,42,suspense e mistério,Feminino,Baixa
Jogada Mortal,Harlan Coben,português,Arqueiro,4.3,2,26,1,2,71,4,suspense e mistério,Feminino,Baixa
Armadilho,William Boyd,português,Rocco,4.3,6,1,0,11,0,10,suspense e mistério,Feminino,Baixa
O último suspiro,Robert Bryndza,português,Gutenberg,4.3,739,4,2,1,26,910,suspense e mistério,Feminino,Baixa
O Desaparecimento de Stephanie Mailer,Joël Dicker,português,Intrínseca,4.3,1,25,3,5,174,1,suspense e mistério,Feminino,Baixa
Detalhe Final,Harlan Coben,português,Arqueiro,4.3,1,7,1,1,41,1,suspense e mistério,Feminino,Baixa
A ladeira da memória,José Geraldo Vieira,português,Planeta,4.3,43,2,0,219,12,68,suspense e mistério,Feminino,Baixa
Inferno,Dan Brown,português,Planeta,4.3,25,1,58,23,2,45,suspense e mistério,Feminino,Baixa
A Terra das Sombras,Meg Cabot,português,Galera,4.3,20,285,81,7,320,42,suspense e mistério,Feminino,Baixa
Serafina e a Capa Preta,Robert Beatty,português,Valentina,4.3,620,12,1,2,48,713,suspense e mistério,Feminino,Baixa
A Garota do Casaco Azul,Monica Hesse,português,Rocco,4.3,69,2,1,1,12,75,suspense e mistério,Feminino,Baixa
O uruguaio,Copi,português,Rocco,4.3,10,0,0,73,3,12,suspense e mistério,Feminino,Baixa
A Terra das Sombras,Meg Cabot,português,Record,4.3,20,285,81,7,320,42,suspense e mistério,Feminino,Baixa
Jornada pelo Rio Mar,Eva Ibbotson,português,Rocco,4.3,282,19,1,101,23,463,suspense e mistério,Feminino,Baixa
Coraline,Neil Gaiman,português,Rocco,4.3,21,204,68,27,1,33,suspense e mistério,Feminino,Baixa
Inferno,Dan Brown,português,Arqueiro,4.3,25,1,58,23,2,45,suspense e mistério,Feminino,Baixa
Quebra de Confiança,Harlan Coben,português,Arqueiro,4.3,3,38,5,4,145,6,suspense e mistério,Feminino,Baixa
Quebra de Confiança,Harlan Coben,português,Arqueiro,4.3,3,38,5,4,145,6,suspense e mistério,Feminino,Baixa
Nosferatu,Joe Hill,português,Arqueiro,4.3,1,59,4,3,231,2,suspense e mistério,Feminino,Baixa
O Inocente,Harlan Coben,português,Arqueiro,4.3,2,28,5,3,113,3,suspense e mistério,Feminino,Baixa
Ninfeias Negras,Michel Bussi,português,Arqueiro,4.2,1,50,1,3,99,1,suspense e mistério,Feminino,Baixa
Deixei Você Ir,Clare Mackintosh,português,Intrínseca,4.2,759,13,2,2,49,895,suspense e mistério,Feminino,Baixa
O Buraco da Agulha,Ken Follett,português,Arqueiro,4.2,2,58,2,3,137,3,suspense e mistério,Feminino,Baixa
Objetos Cortantes ,Gillian Flynn,português,Intrínseca,4.2,13,200,11,17,718,19,suspense e mistério,Feminino,Baixa
As Outras Pessoas,C.J. Tudor,português,Intrínseca,4.2,1,10,1,3,130,1,suspense e mistério,Feminino,Baixa
1793,Niklas Natt och Dag,português,Intrínseca,4.2,156,4,2,1,27,102,suspense e mistério,Feminino,Baixa
A Ladra,J. R. Ward ,português,Universo,4.2,637,6,2,2,42,834,suspense e mistério,Feminino,Baixa
Arma de Vingança,Danilo Barbosa,português,Universo,4.2,417,3,0,1,19,515,suspense e mistério,Feminino,Baixa
A Identidade Bourne,Robert Ludlum,português,Rocco,4.2,613,43,1,734,68,1,suspense e mistério,Feminino,Baixa
Desejo,J. R. Ward ,português,Universo,4.2,621,19,2,1,26,1,suspense e mistério,Feminino,Baixa
Frankenstein,Mary Shelley,português,Editora,4.2,14,405,48,17,1,24,suspense e mistério,Feminino,Baixa
O Cão dos Baskervilles,Sir Arthur Conan Doyle,português,Universo,4.2,15,324,33,5,415,30,suspense e mistério,Feminino,Baixa
As Outras Pessoas,C.J. Tudor,português,Intrínseca,4.2,1,10,1,3,130,1,suspense e mistério,Feminino,Baixa
Drácula,Bram Stoker,português,Excelsior,4.2,18,1,101,19,2,31,suspense e mistério,Feminino,Baixa
Deixei Você Ir (e-Book),Clare Mackintosh,português,Intrínseca,4.2,759,13,2,2,49,895,suspense e mistério,Feminino,Baixa
A Casa do Lago,Kate Morton,português,Arqueiro,4.2,491,27,0,2,50,605,suspense e mistério,Feminino,Baixa
Jogos malignos,Angela Marsons,português,Gutenberg,4.2,191,2,2,362,5,230,suspense e mistério,Feminino,Baixa
Esposa Perfeita,Karin Slaughter,português,HarperCollins,4.2,734,28,1,3,63,907,suspense e mistério,Feminino,Baixa
Os Crimes ABC,Agatha Christie,português,Harper,4.2,9,188,9,5,385,17,suspense e mistério,Feminino,Baixa
Bird Box: Caixa de Pássaros,Josh Malerman,português,Intrínseca,4.2,32,651,42,24,1,46,suspense e mistério,Feminino,Baixa
Quando a luz apaga,Gustavo Ávila,português,Verus,4.2,274,6,0,1,44,297,suspense e mistério,Feminino,Baixa
O Sorriso da Hiena,Gustavo Ávila,português,Verus,4.2,5,66,0,8,258,6,suspense e mistério,Feminino,Baixa
A última mentira que contei,Riley Sager,português,Gutenberg,4.2,222,4,1,594,14,246,suspense e mistério,Feminino,Baixa
Sob águas escuras,Robert Bryndza,português,Gutenberg,4.2,1,5,0,1,39,1,suspense e mistério,Feminino,Baixa
Desaparecidas,Kristina Ohlsson,português,Gutenberg,4.2,176,3,0,380,6,239,suspense e mistério,Feminino,Baixa
Gritos no silêncio,Angela Marsons,português,Gutenberg,4.2,651,11,0,1,21,783,suspense e mistério,Feminino,Baixa
Segredos Mortais,Robert Bryndza,português,Gutenberg,4.2,175,1,0,708,14,163,suspense e mistério,Feminino,Baixa
Caçadores de Bruxas,Raphael Draccon,português,Planeta,4.2,7,662,28,10,823,11,suspense e mistério,Feminino,Baixa
Desespero,Stephen King,português,Planeta,4.2,26,1,0,31,0,48,suspense e mistério,Feminino,Baixa
Nona Casa,Leigh Bardugo,português,Editora,4.2,382,18,1,2,153,343,suspense e mistério,Feminino,Baixa
O Ultimato Bourne,Robert Ludlum,português,Rocco,4.2,191,7,0,425,5,348,suspense e mistério,Feminino,Baixa
A Hora das Bruxas,Anne Rice,português,Rocco,4.2,2,268,19,4,241,4,suspense e mistério,Feminino,Baixa
Assassinato no expresso oriente,Agatha Christie,português,L&PM,4.2,15,0,0,7,2,5,suspense e mistério,Feminino,Baixa
Caça ao Tesouro,Sara Shepard,português,Rocco,4.2,208,2,0,511,2,310,suspense e mistério,Feminino,Baixa
Arrasadoras,Sara Shepard,português,Rocco,4.2,375,1,0,1,13,704,suspense e mistério,Feminino,Baixa
A mulher na janela,A.J. Finn,português,Arqueiro,4.2,10,221,8,11,831,12,suspense e mistério,Feminino,Baixa
Apenas Um Olhar,Harlan Coben,português,Arqueiro,4.2,1,15,0,2,86,1,suspense e mistério,Feminino,Baixa
Refúgio,Harlan Coben,português,Arqueiro,4.2,2,26,4,3,73,4,suspense e mistério,Feminino,Baixa
Alta Tensão,Harlan Coben,português,Arqueiro,4.2,4,122,5,5,224,7,suspense e mistério,Feminino,Baixa
Uma Fortuna Perigosa,Ken Follett,português,Arqueiro,4.2,523,11,0,1,33,811,suspense e mistério,Feminino,Baixa
Reconstruindo Amelia,Kimberly McCreight,português,Arqueiro,4.2,2,57,0,3,111,3,suspense e mistério,Feminino,Baixa
Uma Questão de Segundos,Harlan Coben,português,Arqueiro,4.2,1,13,3,1,46,2,suspense e mistério,Feminino,Baixa
O Desertor,Daniel Silva,português,Arqueiro,4.2,98,1,0,256,15,166,suspense e mistério,Feminino,Baixa
A Outra Sra. Parrish,Liv Constantine,português,HarperCollins,4.2,1,11,1,2,47,1,suspense e mistério,Feminino,Baixa
O Cortador de Pedras,Camilla Läckberg,português,Planeta,4.2,357,3,2,534,15,547,suspense e mistério,Feminino,Baixa
Alta Tensão,Harlan Coben,português,Arqueiro,4.2,4,122,5,5,224,7,suspense e mistério,Feminino,Baixa
Confie em Mim,Harlan Coben,português,Arqueiro,4.2,11,243,19,9,480,19,suspense e mistério,Feminino,Baixa
Não conte a ninguém,Harlan Coben,português,Arqueiro,4.2,19,391,29,13,873,32,suspense e mistério,Feminino,Baixa
A Mulher Na Janela,A.J. Finn,português,Arqueiro,4.2,10,221,8,11,831,12,suspense e mistério,Feminino,Baixa
Imaculada,Kami Garcia,português,Galera,4.2,106,1,0,324,7,129,suspense e mistério,Feminino,Baixa
Querido e Devotado Dexter,Jeff Lindsay,português,Planeta,4.2,3,63,7,3,171,6,suspense e mistério,Feminino,Baixa
O Jardim das Borboletas,Dot Hutchison,português,Planeta,4.2,2,23,1,4,106,2,suspense e mistério,Feminino,Baixa
Ônix,Jennifer L. Armentrout,português,Valentina,4.2,3,49,12,1,157,4,suspense e mistério,Feminino,Baixa
A Hora das Bruxas,Anne Rice,português,Rocco,4.2,2,268,19,4,241,4,suspense e mistério,Feminino,Baixa
A Identidade Bourne,Robert Ludlum,português,Rocco,4.2,613,43,1,734,68,1,suspense e mistério,Feminino,Baixa
Na Própria Carne,Gillian Flynn,português,Rocco,4.2,13,200,11,17,718,19,suspense e mistério,Feminino,Baixa
1º a Morrer,James Patterson,português,Rocco,4.2,734,12,0,1,21,1,suspense e mistério,Feminino,Baixa
Os Crimes ABC,Agatha Christie,português,HarperCollins,4.2,9,188,9,5,385,17,suspense e mistério,Feminino,Baixa
A Outra Mulher,Daniel Silva,português,HarperCollins,4.2,36,1,0,564,9,48,suspense e mistério,Feminino,Baixa
A Carta Secreta,Lucinda Riley,português,Arqueiro,4.2,493,6,0,1,33,665,suspense e mistério,Feminino,Baixa
Casa de Espiões,Daniel Silva,português,HarperCollins,4.2,32,1,1,738,6,39,suspense e mistério,Feminino,Baixa
Confie em Mim,Harlan Coben,português,Arqueiro,4.2,11,243,19,9,480,19,suspense e mistério,Feminino,Baixa
Não Conte a Ninguém,Harlan Coben,português,Arqueiro,4.2,19,391,29,13,873,32,suspense e mistério,Feminino,Baixa
2ª Chance,James Patterson,português,Rocco,4.2,444,4,0,875,17,699,suspense e mistério,Feminino,Baixa
Contos Inacabados,J. R. R. Tolkien ,português,HaperCollins,4.2,4,593,27,15,808,8,suspense e mistério,Feminino,Baixa
Calafrio,Sandra Brown,português,Rocco,4.2,347,3,1,665,5,505,suspense e mistério,Feminino,Baixa
Contos de Terror do Tio Montague,chris priestley,português,Rocco,4.2,6,0,0,41,1,13,suspense e mistério,Feminino,Baixa
Objetos Cortantes,Gillian Flynn,português,Intrínseca,4.2,13,200,11,17,718,19,suspense e mistério,Feminino,Baixa
Por Uma Fração de Segundo,David Baldacci,português,Rocco,4.2,45,0,0,131,2,70,suspense e mistério,Feminino,Baixa
A Supremacia Bourne,Robert Ludlum,português,Rocco,4.2,237,7,1,424,13,435,suspense e mistério,Feminino,Baixa
3º Grau,James Patterson,português,Rocco,4.2,339,1,2,911,17,615,suspense e mistério,Feminino,Baixa
Histórias Extraordinárias,Edgar Allan Poe,português,Martin,4.2,7,403,51,6,911,14,suspense e mistério,Feminino,Baixa
Drácula,Bram Stoker,português,Martin,4.2,18,1,101,19,2,31,suspense e mistério,Feminino,Baixa
O Cão dos Baskerville,Sir Arthur Conan Doyle,português,Martin,4.2,15,324,33,5,415,30,suspense e mistério,Feminino,Baixa
O Vale do Terror,Sir Arthur Conan Doyle,português,Martin,4.2,3,66,9,2,132,7,suspense e mistério,Feminino,Baixa
Frankenstein ou O Prometeu Moderno,Mary Shelley,português,Martin,4.2,14,405,48,17,1,24,suspense e mistério,Feminino,Baixa
Caixa de Pássaros,Josh Malerman,português,Intrínseca,4.2,32,651,42,24,1,46,suspense e mistério,Feminino,Baixa
Sharp Objects: Objetos Cortantes,Gillian Flynn,português,Intrínseca,4.2,1,11,1,852,61,1,suspense e mistério,Feminino,Baixa
Caixa de Pássaros: Bird Box,Josh Malerman,português,Intrínseca,4.2,32,651,42,24,1,46,suspense e mistério,Feminino,Baixa
A Vida Que Enterramos,Allen Eskens,português,Intrínseca,4.2,471,4,2,1,24,568,suspense e mistério,Feminino,Baixa
A Vida Que Enterramos,Allen Eskens,português,Intrínseca,4.2,471,4,2,1,24,568,suspense e mistério,Feminino,Baixa
Lugar Nenhum,Neil Gaiman,português,Intrínseca,4.2,5,218,20,9,468,8,suspense e mistério,Feminino,Baixa
Caixa de Pássaros,Josh Malerman,português,Intrínseca,4.2,32,651,42,24,1,46,suspense e mistério,Feminino,Baixa
Tudo o que nunca contei, Celeste Ng ,português,Intrínseca,4.1,2,60,3,9,147,3,suspense e mistério,Feminino,Baixa
Estonteantes,Sara Shepard,português,Rocco,4.1,500,2,0,1,18,913,suspense e mistério,Feminino,Baixa
O Evangelho de Sangue,James Rollins,português,Rocco,4.1,177,1,1,578,36,248,suspense e mistério,Feminino,Baixa
Traiçoeiras,Sara Shepard,português,Rocco,4.1,810,9,0,1,23,1,suspense e mistério,Feminino,Baixa
Impiedosas,Sara Shepard,português,Rocco,4.1,1,28,1,2,47,3,suspense e mistério,Feminino,Baixa
Vinte mil léguas submarinas,Júlio Verne,português,Martin,4.1,10,603,44,10,980,19,suspense e mistério,Feminino,Baixa
O Signo Dos Quatro,Sir Arthur Conan Doyle,português,Martin,4.1,9,113,15,3,277,17,suspense e mistério,Feminino,Baixa
Um Cântico de Natal: e Outras Histórias,Charles Dickens,português,Martin,4.1,265,5,1,636,77,269,suspense e mistério,Feminino,Baixa
Tudo o que nunca contei, Celeste Ng ,português,Intrínseca,4.1,2,60,3,9,147,3,suspense e mistério,Feminino,Baixa
Crimes em Primeiro Grau,Joseph Finder,português,Rocco,4.1,57,4,1,88,4,93,suspense e mistério,Feminino,Baixa
O Caçador de Andróides,Philip K. Dick,português,Rocco,4.1,831,14,4,1,56,1,suspense e mistério,Feminino,Baixa
A Ilha Misteriosa,Júlio Verne,português,Rocco,4.1,2,141,13,4,224,4,suspense e mistério,Feminino,Baixa
Destruidoras,Sara Shepard,português,Rocco,4.1,2,28,1,3,71,4,suspense e mistério,Feminino,Baixa
O Enigma do Oito,Katherine Neville,português,Rocco,4.1,725,100,2,1,93,1,suspense e mistério,Feminino,Baixa
Duas Vidas Por Um Fio,Janet Evanovich,português,Rocco,4.1,49,0,0,107,1,57,suspense e mistério,Feminino,Baixa
Inacreditáveis,Sara Shepard,português,Rocco,4.1,3,78,3,3,112,6,suspense e mistério,Feminino,Baixa
Rede de Sussurros,Chandler Baker,português,Intrínseca,4.1,1,28,2,3,174,1,suspense e mistério,Feminino,Baixa
Rede de Sussurros,Chandler Baker,português,Intrínseca,4.1,1,28,2,3,174,1,suspense e mistério,Feminino,Baixa
REDE DE SUSSURROS,Chandler Baker,português,Intrínseca,4.1,1,28,2,3,174,1,suspense e mistério,Feminino,Baixa
Gelo Negro,Becca Fitzpatrick,português,Intrínseca,4.1,4,73,7,5,149,5,suspense e mistério,Feminino,Baixa
A Origem,Dan Brown,português,Arqueiro,4.1,7,155,15,8,931,11,suspense e mistério,Feminino,Baixa
Até o Fim,Harlan Coben,português,Arqueiro,4.1,1,5,0,2,65,1,suspense e mistério,Feminino,Baixa
O Código Da Vinci,Dan Brown,português,Sextante,4.1,79,4,179,75,2,276,suspense e mistério,Feminino,Baixa
Não fale com estranhos,Harlan Coben,português,Editora,4.1,3,46,3,4,196,4,suspense e mistério,Feminino,Baixa
A prisioneira do tempo,Kate Morton,português,Editora,4.1,137,8,0,1,43,149,suspense e mistério,Feminino,Baixa
O Símbolo Perdido,Dan Brown,português,Sextante,4.1,41,1,112,66,2,129,suspense e mistério,Feminino,Baixa
O Código Da Vinci,Dan Brown,português,Sextante,4.1,79,4,179,75,2,276,suspense e mistério,Feminino,Baixa
O Símbolo Perdido,Dan Brown,português,Sextante,4.1,41,1,112,66,2,129,suspense e mistério,Feminino,Baixa
O Símbolo Perdido,Dan Brown,português,Sextante,4.1,41,1,112,66,2,129,suspense e mistério,Feminino,Baixa
Gritos do Passado,Camilla Läckberg,português,Planeta,4.1,413,5,0,560,17,583,suspense e mistério,Feminino,Baixa
Redenção,Börge Hellström,português,Planeta,4.1,44,2,0,71,6,61,suspense e mistério,Feminino,Baixa
Perguntaram-me Se Acredito Em Deus,Rubem Alves,português,Planeta,4.1,324,7,2,337,25,561,suspense e mistério,Feminino,Baixa
DEXTER,Jeff Lindsay,português,Editora,4.1,6,224,12,5,407,11,suspense e mistério,Feminino,Baixa
O Portador,Sophie Hannah,português,Rocco,4.1,9,1,0,472,0,9,suspense e mistério,Feminino,Baixa
Príncipe Lestat e Os Reinos de Atlântida,Anne Rice,português,Rocco,4.1,95,1,0,1,27,129,suspense e mistério,Feminino,Baixa
Letal,Sandra Brown,português,Rocco,4.1,109,1,0,213,5,133,suspense e mistério,Feminino,Baixa
Os Amadores,Sara Shepard,português,Rocco,4.1,56,0,1,252,4,58,suspense e mistério,Feminino,Baixa
Não Pare!,FML Pepper,português,Valentina,4.1,8,283,37,12,405,11,suspense e mistério,Feminino,Baixa
Jane Precisa de Ajuda,Joy Fielding,português,Rocco,4.1,36,0,0,76,2,54,suspense e mistério,Feminino,Baixa
A Grande Arte,Rubem Fonseca,português,Planeta,4.1,888,45,2,637,49,1,suspense e mistério,Feminino,Baixa
Christine,Stephen King,português,Planeta,4.1,4,246,9,5,244,8,suspense e mistério,Feminino,Baixa
Desespero,Stephen King,português,Planeta,4.1,2,168,6,3,245,4,suspense e mistério,Feminino,Baixa
Metrô 2033,Dmitry Glukhovsky,português,Planeta,4.1,594,68,4,1,116,919,suspense e mistério,Feminino,Baixa
Dexter: A Mão Esquerda de Deus,Jeff Lindsay,português,Planeta,4.1,6,224,12,5,407,11,suspense e mistério,Feminino,Baixa
Perguntaram-me se Acredito em Deus,Rubem Alves,português,Planeta,4.1,324,7,2,337,25,561,suspense e mistério,Feminino,Baixa
"Emily, The Strange: Os Dias Perdidos",Rob Reger,português,Galera,4.1,370,16,2,1,26,541,suspense e mistério,Feminino,Baixa
A Vingança de Mara Dyer,Michelle Hodkin,português,Galera,4.1,2,21,1,2,51,3,suspense e mistério,Feminino,Baixa
O Símbolo Perdido,Dan Brown,português,Arqueiro,4.1,41,1,112,66,2,129,suspense e mistério,Feminino,Baixa
Dexter é Delicioso,Jeff Lindsay,português,Planeta,4.1,1,14,0,3,80,2,suspense e mistério,Feminino,Baixa
O Príncipe da Neblina,Zafón,português,Planeta,4.1,5,40,7,4,208,7,suspense e mistério,Feminino,Baixa
Duplo Dexter,Jeff Lindsay,português,Planeta,4.1,1,17,3,3,81,1,suspense e mistério,Feminino,Baixa
Dexter: A mão esquerda de Deus,Jeff Lindsay,português,Editora,4.1,6,224,12,5,407,11,suspense e mistério,Feminino,Baixa
Quando ela se foi,Harlan Coben,português,Arqueiro,4.1,5,141,13,5,268,10,suspense e mistério,Feminino,Baixa
7° Céu,James Patterson,português,Arqueiro,4.1,520,5,0,951,15,872,suspense e mistério,Feminino,Baixa
O Código Da Vinci,Dan Brown,português,Arqueiro,4.1,79,4,179,75,2,276,suspense e mistério,Feminino,Baixa
Quando Ela Se Foi,Harlan Coben,português,Arqueiro,4.1,5,141,13,5,268,10,suspense e mistério,Feminino,Baixa
8ª Confissão,James Patterson,português,Arqueiro,4.1,342,4,0,734,14,553,suspense e mistério,Feminino,Baixa
"Corra, Alex Cross",James Patterson,português,Arqueiro,4.1,325,7,0,584,18,496,suspense e mistério,Feminino,Baixa
A Casa Negra,Stephen King,português,Planeta,4.1,1,115,4,3,131,2,suspense e mistério,Feminino,Baixa
O Talismã,Peter Straub,português,Planeta,4.1,1,170,9,3,188,2,suspense e mistério,Feminino,Baixa
O Símbolo Perdido,Dan Brown,português,Sextante,4.1,41,1,112,66,2,129,suspense e mistério,Feminino,Baixa
Mate o Próximo,Federico Axat,português,Verus,4.1,314,14,0,941,34,405,suspense e mistério,Feminino,Baixa
Nocte,Courtney Cole,português,Verus,4.1,249,1,0,588,10,234,suspense e mistério,Feminino,Baixa
Bem atrás de você,Lisa Gardner,português,Gutenberg,4.1,1,27,0,1,59,1,suspense e mistério,Feminino,Baixa
A Garota Desaparecida,Lisa Gardner,português,Gutenberg,4.1,530,9,3,1,39,620,suspense e mistério,Feminino,Baixa
Confissões,Kanae Minato,português,Gutenberg,4.1,1,9,0,1,62,1,suspense e mistério,Feminino,Baixa
Sangue Frio,Robert Bryndza,português,Gutenberg,4.1,470,1,0,791,24,537,suspense e mistério,Feminino,Baixa
Origem,Dan Brown,português,Arqueiro,4.1,7,155,15,8,931,11,suspense e mistério,Feminino,Baixa
Não Fale Com Estranhos,Harlan Coben,português,Arqueiro,4.1,3,46,3,4,196,4,suspense e mistério,Feminino,Baixa
O Código Da Vinci,Dan Brown,português,Arqueiro,4.1,79,4,179,75,2,276,suspense e mistério,Feminino,Baixa
Tudo o que nunca contei, Celeste Ng ,português,Intrínseca,4.1,2,60,3,9,147,3,suspense e mistério,Feminino,Baixa
Poirot Perde Uma Cliente,Agatha Christie,português,HarperCollins,4.1,1,16,1,1,33,4,suspense e mistério,Feminino,Baixa
Uma Crença Silenciosa em Anjos,R. J. Ellory ,português,Intrínseca,4.1,880,72,1,1,74,1,suspense e mistério,Feminino,Baixa
Kings of Cool,Don Winslow,português,Intrínseca,4.1,202,14,0,314,15,263,suspense e mistério,Feminino,Baixa
Alfred Hitchcock e os bastidores de Psicose,Stephen Rebello ,português,Intrínseca,4.1,395,25,2,761,43,590,suspense e mistério,Feminino,Baixa
A Síndrome E,Franck Thilliez,português,Intrínseca,4.1,825,28,0,1,47,1,suspense e mistério,Feminino,Baixa
A Boa Filha,Karin Slaughter,português,HarperCollins,4.1,1,58,3,2,127,2,suspense e mistério,Feminino,Baixa
Um Milhão de Mundos Com Você,Claudia Gray,português,HarperCollins,4.1,701,8,1,2,38,900,suspense e mistério,Feminino,Baixa
A Última Viúva,Karin Slaughter,português,HarperCollins,4.1,431,3,0,1,38,485,suspense e mistério,Feminino,Baixa
O Inverno de Frankie Machine,Don Winslow,português,Intrínseca,4.1,147,8,0,358,7,195,suspense e mistério,Feminino,Baixa
Morte na Mesopotâmia,Agatha Christie,português,Nova,4.1,7,98,10,4,222,14,suspense e mistério,Feminino,Baixa
Runner,Patrick Lee,português,Universo,4.1,75,3,0,269,4,104,suspense e mistério,Feminino,Baixa
Vítimas do Silêncio,Janethe Fontes,português,Universo,4.1,270,2,2,537,12,372,suspense e mistério,Feminino,Baixa
Ben-Hur,Lewis Wallace,português,Martin,4.0,731,30,2,980,99,1,suspense e mistério,Feminino,Baixa
Malorie,Josh Malerman,português,Intrínseca,4.0,1,5,1,3,168,1,suspense e mistério,Feminino,Baixa
Raízes do Mal,Gwenda Bond,português,Intrínseca,4.0,892,59,10,2,243,972,suspense e mistério,Feminino,Baixa
Ratos,Gordon Reece,português,Intrínseca,4.0,2,36,3,2,74,2,suspense e mistério,Feminino,Baixa
Assassinato na Casa do Pastor,Agatha Christie,português,HarperCollins,4.0,4,73,2,2,138,8,suspense e mistério,Feminino,Baixa
Um Pressentimento Funesto,Agatha Christie,português,HarperCollins,4.0,1,29,1,1,35,3,suspense e mistério,Feminino,Baixa
Bela Maldade,Rebecca James,português,Intrínseca,4.0,3,71,3,3,95,5,suspense e mistério,Feminino,Baixa
Cem Gramas de Centeio,Agatha Christie,português,HarperCollins,4.0,2,24,5,2,73,5,suspense e mistério,Feminino,Baixa
A Maldição do Espelho,Agatha Christie,português,HarperCollins,4.0,3,72,4,2,110,7,suspense e mistério,Feminino,Baixa
O Mistério dos Sete Relógios,Agatha Christie,português,HarperCollins,4.0,3,74,2,2,144,8,suspense e mistério,Feminino,Baixa
Cem Gramas de Centeio,Agatha Christie,português,Harper,4.0,2,24,5,2,73,5,suspense e mistério,Feminino,Baixa
Pequenos incêndios por toda parte, Celeste Ng ,português,Intrínseca,4.0,4,158,4,8,381,5,suspense e mistério,Feminino,Baixa
A Firma,John Grisham,português,Rocco,4.0,1,26,1,1,71,2,suspense e mistério,Feminino,Baixa
O Dossiê Pelicano,John Grisham,português,Rocco,4.0,955,33,1,800,37,2,suspense e mistério,Feminino,Baixa
Implacáveis,Sara Shepard,português,Rocco,4.0,676,10,3,1,14,1,suspense e mistério,Feminino,Baixa
O Círculo Matarese,Robert Ludlum,português,Rocco,4.0,92,4,0,78,6,176,suspense e mistério,Feminino,Baixa
A Troca,Sandra Brown,português,Rocco,4.0,115,1,0,144,1,207,suspense e mistério,Feminino,Baixa
Contos Legais,John Grisham,português,Rocco,4.0,13,2,0,16,1,17,suspense e mistério,Feminino,Baixa
O Artista da Morte,Daniel Silva,português,Rocco,4.0,96,1,0,258,7,109,suspense e mistério,Feminino,Baixa
Código Explosivo,Ken Follett,português,Rocco,4.0,532,7,1,1,30,801,suspense e mistério,Feminino,Baixa
O Circo da Noite,Erin Morgenstern,português,Intrínseca,4.0,4,377,11,8,394,6,suspense e mistério,Feminino,Baixa
Amaldiçoado ,Joe Hill,português,Arqueiro,4.0,5,283,13,5,290,8,suspense e mistério,Feminino,Baixa
Retrato de Uma Espiã,Daniel Silva,português,Arqueiro,4.0,141,2,1,398,12,210,suspense e mistério,Feminino,Baixa
4 de Julho,James Patterson,português,Arqueiro,4.0,1,26,0,1,42,2,suspense e mistério,Feminino,Baixa
A Mais Bela de Todas,Serena Valentino,português,Universo,4.0,1,29,6,3,93,1,suspense e mistério,Feminino,Baixa
Liberdade,Andrea Portes,português,Galera,4.0,22,1,0,74,2,15,suspense e mistério,Feminino,Baixa
Cobiça,J. R. Ward ,português,Universo,4.0,1,92,1,2,91,1,suspense e mistério,Feminino,Baixa
Mortos Não Contam Segredos,Karen M. McManus,português,Galera,4.0,1,12,1,4,58,1,suspense e mistério,Feminino,Baixa
O Álibi,Sandra Brown,português,Rocco,4.0,234,9,0,261,14,363,suspense e mistério,Feminino,Baixa
A Firma,John Grisham,português,Rocco,4.0,1,26,1,1,71,2,suspense e mistério,Feminino,Baixa
Devastadoras,Sara Shepard,português,Rocco,4.0,444,2,0,1,14,819,suspense e mistério,Feminino,Baixa
A Queda,Guillermo del Toro,português,Rocco,4.0,1,26,3,1,72,1,suspense e mistério,Feminino,Baixa
O Castelo,Franz Kafka,português,Martin,4.0,1,242,8,2,246,2,suspense e mistério,Feminino,Baixa
O Ladrão de Casaca,Maurice Leblanc,português,Martin,4.0,547,15,2,474,39,928,suspense e mistério,Feminino,Baixa
Os Segredos Mais Secretos das Pretty Little Liars,Sara Shepard,português,Rocco,4.0,748,40,0,1,40,1,suspense e mistério,Feminino,Baixa
O Processo,Franz Kafka,português,Martin,4.0,8,1,40,9,1,16,suspense e mistério,Feminino,Baixa
As Viúvas,Lynda La Plante,português,Intrínseca,4.0,288,6,0,1,44,299,suspense e mistério,Feminino,Baixa
Perfeitas,Sara Shepard,português,Rocco,4.0,4,107,3,3,158,7,suspense e mistério,Feminino,Baixa
Perversas,Sara Shepard,português,Rocco,4.0,2,67,3,3,92,4,suspense e mistério,Feminino,Baixa
Irene,James Ellroy,português,Universo,4.0,141,7,2,233,17,190,suspense e mistério,Feminino,Baixa
Um de Nós Está Mentindo,Karen M. McManus,português,Galera,4.0,7,203,9,13,540,10,suspense e mistério,Feminino,Baixa
Lugares Escuros,Gillian Flynn,português,Intrínseca,4.0,4,167,3,7,333,6,suspense e mistério,Feminino,Baixa
Lugares Escuros,Gillian Flynn,português,Intrínseca,4.0,4,167,3,7,333,6,suspense e mistério,Feminino,Baixa
O Mistério dos Sete Relógios,Agatha Christie,português,Harper,4.0,3,74,2,2,144,8,suspense e mistério,Feminino,Baixa
Marionete,Daniel Cole,português,Arqueiro,4.0,348,1,0,1,42,406,suspense e mistério,Feminino,Baixa
Rose Madder ,Stephen King,português,Planeta,4.0,1,60,0,2,108,2,suspense e mistério,Feminino,Baixa
Terra Sem Lei,John Sandford,português,Arqueiro,4.0,111,2,1,264,5,168,suspense e mistério,Feminino,Baixa
Tripulação de Esqueletos,Stephen King,português,Planeta,4.0,1,88,4,3,337,3,suspense e mistério,Feminino,Baixa
Tudo É Eventual,Stephen King,português,Planeta,4.0,1,85,3,2,270,2,suspense e mistério,Feminino,Baixa
"Emily, The Strange: Duas Vezes Estranha",Rob Reger,português,Galera,4.0,84,4,1,645,10,119,suspense e mistério,Feminino,Baixa
Limiar,Jessica Warman,português,Galera,4.0,373,8,1,960,22,529,suspense e mistério,Feminino,Baixa
Silenciadas,Kristina Ohlsson,português,Gutenberg,4.0,183,4,1,424,13,255,suspense e mistério,Feminino,Baixa
O Homem de São Petersburgo,Ken Follett,português,Arqueiro,4.0,829,11,1,2,51,1,suspense e mistério,Feminino,Baixa
Palácio da traição,Jason Matthews,português,Editora,4.0,36,4,1,976,12,44,suspense e mistério,Feminino,Baixa
Ponto De Impacto,Dan Brown,português,Arqueiro,4.0,31,1,38,33,1,92,suspense e mistério,Feminino,Baixa
O Pacto,Joe Hill,português,Arqueiro,4.0,5,283,13,5,290,8,suspense e mistério,Feminino,Baixa
O Caso Rembrandt,Daniel Silva,português,Arqueiro,4.0,260,15,0,510,14,401,suspense e mistério,Feminino,Baixa
Contagem Regressiva,Ken Follett,português,Arqueiro,4.0,532,7,1,1,30,801,suspense e mistério,Feminino,Baixa
A Firma,John Grisham,português,Arqueiro,4.0,1,26,1,1,71,2,suspense e mistério,Feminino,Baixa
Indesejadas,Kristina Ohlsson,português,Gutenberg,4.0,396,9,0,788,15,529,suspense e mistério,Feminino,Baixa
Dexter em Cena,Jeff Lindsay,português,Planeta,4.0,574,5,1,2,56,1,suspense e mistério,Feminino,Baixa
Tudo Que Você Quiser Que Eu Seja,Mindy Mejia,português,Rocco,4.0,159,2,0,1,11,195,suspense e mistério,Feminino,Baixa
Sangue Inocente,James Rollins,português,Rocco,4.0,70,3,0,1,21,106,suspense e mistério,Feminino,Baixa
O Cavalo Amarelo,Agatha Christie,português,HarperCollins,4.0,1,31,3,2,47,3,suspense e mistério,Feminino,Baixa
Punição Para A Inocência,Agatha Christie,português,HarperCollins,4.0,2,44,5,3,148,4,suspense e mistério,Feminino,Baixa
Dexter: Design de um Assassino,Jeff Lindsay,português,Planeta,4.0,1,31,2,3,83,3,suspense e mistério,Feminino,Baixa
Pines,Blake Crouch,português,Planeta,4.0,605,7,1,884,43,738,suspense e mistério,Feminino,Baixa
5º Cavaleiro,James Patterson,português,Arqueiro,4.0,857,7,0,1,26,1,suspense e mistério,Feminino,Baixa
Ponto de Impacto,Dan Brown,português,Arqueiro,4.0,31,1,38,33,1,92,suspense e mistério,Feminino,Baixa
Ponto de Impacto,Dan Brown,português,Sextante,4.0,31,1,38,33,1,92,suspense e mistério,Feminino,Baixa
O Circo da Noite,Erin Morgenstern,português,Intrínseca,4.0,4,377,11,8,394,6,suspense e mistério,Feminino,Baixa
Cordialmente Cruel,Maureen Johnson,português,HarperCollins,4.0,458,14,0,1,51,480,suspense e mistério,Feminino,Baixa
Os Quatro Grandes,Agatha Christie,português,HarperCollins,4.0,2,35,3,1,64,5,suspense e mistério,Feminino,Baixa
Areia Movediça,Malin Persson Giolito,português,Intrínseca,3.9,557,36,0,1,98,603,suspense e mistério,Feminino,Baixa
Festa de Halloween,R. L. Stine,português,Rocco,3.9,276,4,0,137,1,585,suspense e mistério,Feminino,Baixa
O Grito Silencioso,Diane Hoh,português,Rocco,3.9,111,3,1,50,3,222,suspense e mistério,Feminino,Baixa
A Guerra dos Mundos,H. G. Wells,português,Martin,3.9,2,188,4,4,204,3,suspense e mistério,Feminino,Baixa
Impecáveis,Sara Shepard,português,Rocco,3.9,5,201,3,3,209,9,suspense e mistério,Feminino,Baixa
Noite Eterna,Chuck Hogan,português,Rocco,3.9,738,7,0,1,35,1,suspense e mistério,Feminino,Baixa
Latitudes Piratas,Michael Crichton,português,Rocco,3.9,73,3,0,201,0,107,suspense e mistério,Feminino,Baixa
Maldosas,Sara Shepard,português,Rocco,3.9,8,357,26,5,443,14,suspense e mistério,Feminino,Baixa
O demônio na Cidade Branca,Erik Larson,português,Intrínseca,3.9,284,34,0,1,77,386,suspense e mistério,Feminino,Baixa
Um Desafio para Cross,James Patterson,português,Rocco,3.9,207,5,0,512,5,362,suspense e mistério,Feminino,Baixa
Noturno,Guillermo del Toro,português,Rocco,3.9,2,208,5,2,214,3,suspense e mistério,Feminino,Baixa
O Artífice,Tony Ferraz,português,Universo,3.9,178,10,1,331,14,227,suspense e mistério,Feminino,Baixa
À Beira da Eternidade,Melissa E. Hurst,português,Galera,3.9,184,2,0,1,10,206,suspense e mistério,Feminino,Baixa
Inquebrável ,Kami Garcia,português,Galera,3.9,336,4,1,614,13,439,suspense e mistério,Feminino,Baixa
Tudo o que deixamos para trás,Kerry Lonsdale,português,Universo,3.9,29,0,0,158,2,26,suspense e mistério,Feminino,Baixa
Tudo O Que Restou,Kerry Lonsdale,português,Universo,3.9,112,1,0,750,12,131,suspense e mistério,Feminino,Baixa
A Trilogia de Nova Iorque,Paul Auster,português,Planeta,3.9,596,46,0,1,61,907,suspense e mistério,Feminino,Baixa
A Maldição do Cigano,Stephen King,português,Planeta,3.9,3,145,5,3,175,6,suspense e mistério,Feminino,Baixa
Os Olhos Do Dragão,Stephen King,português,Planeta,3.9,2,90,3,2,134,4,suspense e mistério,Feminino,Baixa
Matar Alguém,Roger Franchini,português,Planeta,3.9,37,0,1,92,7,55,suspense e mistério,Feminino,Baixa
Tom Jones,Henry Fielding,português,Rocco,3.9,268,43,1,927,58,513,suspense e mistério,Feminino,Baixa
Tripla espionagem,Ken Follett,português,Editora,3.9,339,5,1,1,30,593,suspense e mistério,Feminino,Baixa
Os Elefantes Não Esquecem,Agatha Christie,português,Nova,3.9,9,156,13,5,258,18,suspense e mistério,Feminino,Baixa
A Mansão Hollow,Agatha Christie,português,Nova,3.9,7,180,14,4,234,14,suspense e mistério,Feminino,Baixa
A Chave de Rebecca,Ken Follett,português,Arqueiro,3.9,726,28,1,2,49,1,suspense e mistério,Feminino,Baixa
6º Alvo,James Patterson,português,Arqueiro,3.9,474,3,0,958,17,807,suspense e mistério,Feminino,Baixa
O Golpe,Christopher Reich,português,Arqueiro,3.9,59,1,0,478,10,68,suspense e mistério,Feminino,Baixa
Penitência,Kanae Minato,português,Gutenberg,3.9,236,2,0,388,7,257,suspense e mistério,Feminino,Baixa
A Princesa de Gelo,Camilla Läckberg,português,Planeta,3.9,722,25,1,1,35,1,suspense e mistério,Feminino,Baixa
A Estrada da Noite,Joe Hill,português,Arqueiro,3.9,10,880,20,6,583,15,suspense e mistério,Feminino,Baixa
Um Mistério no Caribe,Agatha Christie,português,HarperCollins,3.9,2,50,8,2,84,5,suspense e mistério,Feminino,Baixa
A Noite das Bruxas,Agatha Christie,português,HarperCollins,3.9,3,168,9,2,169,8,suspense e mistério,Feminino,Baixa
Agente do Caos,Kami Garcia,português,HarperCollins,3.9,117,1,1,996,9,129,suspense e mistério,Feminino,Baixa
Amanhecer,Stephenie Meyer,português,Intrínseca,3.9,82,3,469,13,1,276,suspense e mistério,Feminino,Baixa
Nêmesis,Agatha Christie,português,HarperCollins,3.9,2,47,3,2,98,4,suspense e mistério,Feminino,Baixa
O Médico e o Monstro,Robert Louis Stevenson,português,Martin,3.9,14,322,21,8,572,24,suspense e mistério,Feminino,Baixa
Vejo Vocês em Breve,Mary Higgins Clark,português,Rocco,3.9,188,8,0,212,7,332,suspense e mistério,Feminino,Baixa
Rosas de Maio,Dot Hutchison,português,Planeta,3.9,275,1,0,637,30,306,suspense e mistério,Feminino,Baixa
O Sócio,John Grisham,português,Rocco,3.9,672,26,3,550,29,1,suspense e mistério,Feminino,Baixa
A Gaiola de Ouro,Camilla Läckberg,português,Arqueiro,3.9,671,6,1,2,46,697,suspense e mistério,Feminino,Baixa
Amanhecer,Stephenie Meyer,português,Intrínseca,3.9,82,3,469,13,1,276,suspense e mistério,Feminino,Baixa
Amanhecer,Stephenie Meyer,português,Intrínseca,3.9,82,3,469,13,1,276,suspense e mistério,Feminino,Baixa
Nêmesis (Nemesis),Agatha Christie,português,Harper,3.9,2,47,3,2,98,4,suspense e mistério,Feminino,Baixa
Preciso Saber,Karen Cleveland,português,Planeta,3.9,160,1,0,973,19,201,suspense e mistério,Feminino,Baixa
A Extravagância do Morto,Agatha Christie,português,HarperCollins,3.9,2,22,6,1,58,5,suspense e mistério,Feminino,Baixa
Cidade nas Trevas,Adam Christopher,português,Intrínseca,3.9,157,11,1,1,62,161,suspense e mistério,Feminino,Baixa
Amanhecer,Stephenie Meyer,português,Intrínseca,3.9,82,3,469,13,1,276,suspense e mistério,Feminino,Baixa
Amanhecer,Stephenie Meyer,português,Intrínseca,3.9,82,3,469,13,1,276,suspense e mistério,Feminino,Baixa
Amanhecer ,Stephenie Meyer,português,Intrínseca,3.9,82,3,469,13,1,276,suspense e mistério,Feminino,Baixa
Cornelia,Florencia Etcheves,espanhol,Editora,3.8,2,0,0,1,1,0,suspense e mistério,Feminino,Baixa
O Que Aconteceu Com Annie,C.J. Tudor,português,Intrínseca,3.8,4,72,3,6,418,5,suspense e mistério,Feminino,Baixa
O que Aconteceu com Annie,C.J. Tudor,português,Intrínseca,3.8,4,72,3,6,418,5,suspense e mistério,Feminino,Baixa
Território Lovecraft,Matt Ruff,português,Intrínseca,3.8,950,32,0,1,237,965,suspense e mistério,Feminino,Baixa
A Última Festa (e-Book),Lucy Foley,português,Intrínseca,3.8,5,87,3,8,527,5,suspense e mistério,Feminino,Baixa
A Última Festa,Lucy Foley,português,Intrínseca,3.8,5,87,3,8,527,5,suspense e mistério,Feminino,Baixa
O Servo dos Ossos,Anne Rice,português,Rocco,3.8,528,48,2,809,19,1,suspense e mistério,Feminino,Baixa
O Homem de Giz,C.J. Tudor,português,Intrínseca,3.8,14,296,12,17,1,18,suspense e mistério,Feminino,Baixa
O Desgosto de August,Brittany Cavallaro,português,Rocco,3.8,70,0,0,646,11,57,suspense e mistério,Feminino,Baixa
Corrupt,Penelope Douglas,português,The,3.8,536,15,1,404,18,594,suspense e mistério,Feminino,Baixa
Selvagens,Don Winslow,português,Intrínseca,3.8,987,90,3,1,58,1,suspense e mistério,Feminino,Baixa
O Caso Caravaggio ,Daniel Silva,português,Harper,3.8,157,1,0,283,14,232,suspense e mistério,Feminino,Baixa
O Fio do Bisturi,Tess Gerritsen,português,HarperCollins,3.8,947,10,0,966,36,1,suspense e mistério,Feminino,Baixa
Um caso de necessidade,Michael Crichton,português,Rocco,3.8,75,1,0,64,1,113,suspense e mistério,Feminino,Baixa
Um Estudo em Charlotte,Brittany Cavallaro,português,Rocco,3.8,859,39,1,2,75,923,suspense e mistério,Feminino,Baixa
Mary Reilly,Valerie Martin,português,Rocco,3.8,34,2,0,42,4,54,suspense e mistério,Feminino,Baixa
O Homem de Giz,C.J. Tudor,português,Intrínseca,3.8,14,296,12,17,1,18,suspense e mistério,Feminino,Baixa
A Última Festa,Lucy Foley,português,Intrínseca,3.8,5,87,3,8,527,5,suspense e mistério,Feminino,Baixa
O Moço Loiro,Joaquim Manuel de Macedo,português,Martin,3.8,444,31,3,296,33,971,suspense e mistério,Feminino,Baixa
O Caso Laura,André Vianco,português,Rocco,3.8,1,39,2,1,55,2,suspense e mistério,Feminino,Baixa
A Pedra Proibida,Tony Abbott,português,Galera,3.8,24,1,0,170,4,13,suspense e mistério,Feminino,Baixa
Um Corpo na Biblioteca,Agatha Christie,português,Nova,3.8,8,202,13,6,432,16,suspense e mistério,Feminino,Baixa
Zoo,James Patterson,português,Editora,3.8,665,18,2,1,44,870,suspense e mistério,Feminino,Baixa
Roleta Russa,Jason Matthews,português,Arqueiro,3.8,1,157,1,3,162,1,suspense e mistério,Feminino,Baixa
Os Trabalhos de Hércules,Agatha Christie,português,Harper,3.8,2,65,3,2,93,4,suspense e mistério,Feminino,Baixa
Homeland: Como Tudo Começou,Andrew Kaplan,português,Intrínseca,3.8,256,26,0,456,35,395,suspense e mistério,Feminino,Baixa
A Última Festa (e-Book),Lucy Foley,português,Intrínseca,3.8,5,87,3,8,527,5,suspense e mistério,Feminino,Baixa
A Filha do Rei do Pântano,Karen Dionne,português,Verus,3.8,1,25,0,1,56,1,suspense e mistério,Feminino,Baixa
Revenge - Treinamento Para Vingança,Jesse Lasky,português,Planeta,3.8,365,19,1,738,26,539,suspense e mistério,Feminino,Baixa
A Desconhecida,Mary Kubica,português,Planeta,3.8,368,6,0,1,20,457,suspense e mistério,Feminino,Baixa
Recursos Desumanos,Pierre Lemaitre,português,Editora,3.8,44,3,1,134,4,40,suspense e mistério,Feminino,Baixa
A Garota Inglesa,Daniel Silva,português,Arqueiro,3.8,152,8,0,423,15,233,suspense e mistério,Feminino,Baixa
Lua de Mel,James Patterson,português,Arqueiro,3.8,683,13,0,855,23,1,suspense e mistério,Feminino,Baixa
Gravity Falls: Ao Esquisito e Além,Joe Books,português,Universo,3.8,18,0,0,134,2,14,suspense e mistério,Feminino,Baixa
Arthur & George,Julian Barnes ,português,Rocco,3.8,31,0,0,44,0,43,suspense e mistério,Feminino,Baixa
O Diário de Dora Damage,Belinda Starling,português,Rocco,3.8,13,1,0,60,4,19,suspense e mistério,Feminino,Baixa
A Loura,Duane Swierczynski,português,Rocco,3.8,6,1,1,29,0,10,suspense e mistério,Feminino,Baixa
Bela Gentileza,Diane Hoh,português,Rocco,3.8,124,2,1,46,1,245,suspense e mistério,Feminino,Baixa
Território Lovecraft,Matt Ruff,português,Intrínseca,3.8,950,32,0,1,237,965,suspense e mistério,Feminino,Baixa
Única Filha, Anna Snoekstra ,português,HarperCollins,3.8,866,21,3,3,44,1,suspense e mistério,Feminino,Baixa
A Herdeira,Daniel Silva,português,HarperCollins,3.8,79,2,0,65,7,83,suspense e mistério,Feminino,Baixa
Tempo Estranho,Joe Hill,português,HarperCollins,3.8,189,4,1,533,21,184,suspense e mistério,Feminino,Baixa
A Garota Perfeita,Mary Kubica,português,Planeta,3.8,1,68,1,4,90,2,suspense e mistério,Feminino,Baixa
Ninguém Pode Saber,Karin Slaughter,português,HarperCollins,3.8,373,12,0,2,41,472,suspense e mistério,Feminino,Baixa
Dexter no Escuro,Jeff Lindsay,português,Planeta,3.8,2,57,2,4,150,4,suspense e mistério,Feminino,Baixa
O Estranho,Camilla Läckberg,português,Planeta,3.8,251,1,0,449,13,369,suspense e mistério,Feminino,Baixa
Um Corpo na Biblioteca,Agatha Christie,português,HarperCollins,3.8,8,202,13,6,432,16,suspense e mistério,Feminino,Baixa
Leonardo da Vinci e os sete crimes de Roma,Guillaume Prévost,português,Gutenberg,3.8,29,0,0,106,1,33,suspense e mistério,Feminino,Baixa
O Caso do Marquês Desaparecido,Nancy Springer,português,Verus,3.8,472,8,1,2,52,521,suspense e mistério,Feminino,Baixa
Operação Red Sparrow,Jason Matthews,português,Arqueiro,3.8,1,157,1,3,162,1,suspense e mistério,Feminino,Baixa
Advogado do Diabo,Jonathan Maberry,português,HarperCollins,3.7,123,4,1,1,18,152,suspense e mistério,Feminino,Baixa
1876,Gore Vidal,português,Rocco,3.7,12,0,0,17,0,21,suspense e mistério,Feminino,Baixa
O Nome da Estrela (The Name of the Star),Maureen Johnson,português,Rocco,3.7,409,15,1,946,27,581,suspense e mistério,Feminino,Baixa
O Romance,James A. Michener,português,Rocco,3.7,7,0,0,19,1,10,suspense e mistério,Feminino,Baixa
Anjo da Guarda,Sara Paretsky,português,Rocco,3.7,6,2,0,9,0,13,suspense e mistério,Feminino,Baixa
A Sonâmbula,Diane Hoh,português,Rocco,3.7,139,3,1,52,2,259,suspense e mistério,Feminino,Baixa
O Canto dos Segredos,Tana French,português,Rocco,3.7,58,1,0,221,9,78,suspense e mistério,Feminino,Baixa
Atração Fatal,Diane Hoh,português,Rocco,3.7,77,1,1,38,0,142,suspense e mistério,Feminino,Baixa
O Advogado,John Grisham,português,Rocco,3.7,1,99,3,1,124,3,suspense e mistério,Feminino,Baixa
Desejos Macabros,Diane Hoh,português,Rocco,3.7,93,3,2,52,0,197,suspense e mistério,Feminino,Baixa
A Temporada das Marchas,Daniel Silva,português,Rocco,3.7,26,1,0,61,1,49,suspense e mistério,Feminino,Baixa
O Homem Invisível,H. G. Wells,português,Martin,3.7,2,83,6,4,178,3,suspense e mistério,Feminino,Baixa
Observe-me,Kimberly Knight,português,The,3.7,48,0,5,638,34,28,suspense e mistério,Feminino,Baixa
O Pesadelo,Lars Kepler,português,Intrínseca,3.7,726,47,1,1,68,1,suspense e mistério,Feminino,Baixa
O Hipnotista,Lars Kepler,português,Intrínseca,3.7,2,127,1,2,166,3,suspense e mistério,Feminino,Baixa
O Testamento,John Grisham,português,Rocco,3.7,888,36,0,596,29,1,suspense e mistério,Feminino,Baixa
A essência do mal,Luca D'Andrea,português,Intrínseca,3.7,696,46,0,3,87,812,suspense e mistério,Feminino,Baixa
Inspeção,Josh Malerman,português,Intrínseca,3.7,390,22,0,2,66,432,suspense e mistério,Feminino,Baixa
Em Águas Profundas,Patricia Highsmith,português,Intrínseca,3.7,100,0,0,32,5,48,suspense e mistério,Feminino,Baixa
Você Está Sendo Vigiado,Gregg Hurwitz,português,Arqueiro,3.7,812,31,0,1,41,1,suspense e mistério,Feminino,Baixa
Você,Caroline Kepnes,português,Rocco,3.7,1,160,3,2,230,2,suspense e mistério,Feminino,Baixa
A Profecia do Paraíso,Robert Browne,português,Planeta,3.7,99,5,0,100,9,160,suspense e mistério,Feminino,Baixa
O Vendedor de Armas,Hugh Laurie,português,Planeta,3.7,2,314,8,1,266,4,suspense e mistério,Feminino,Baixa
Dexter Está Morto,Jeff Lindsay,português,Planeta,3.7,386,4,0,1,29,603,suspense e mistério,Feminino,Baixa
Uma Mentira Perfeita,Lisa Scottoline,português,HarperCollins,3.7,200,2,0,1,18,243,suspense e mistério,Feminino,Baixa
O Vendedor de Armas,Hugh Laurie,português,Planeta,3.7,2,314,8,1,266,4,suspense e mistério,Feminino,Baixa
O Dom,Robert Ovies,português,Verus,3.7,184,14,0,676,18,229,suspense e mistério,Feminino,Baixa
Bodas de sangue,Pierre Lemaitre,português,Gutenberg,3.7,129,2,0,344,7,127,suspense e mistério,Feminino,Baixa
Fantasma,Jason Reynolds,português,Intrínseca,3.7,6,1,1,36,2,12,suspense e mistério,Feminino,Baixa
A jangada,Júlio Verne,português,Planeta,3.7,112,16,0,278,9,265,suspense e mistério,Feminino,Baixa
Sete Contos de Arrepiar,José Flávio Morais,português,Rocco,3.7,9,0,0,7,0,11,suspense e mistério,Feminino,Baixa
Você,Caroline Kepnes,português,Rocco,3.7,1,160,3,2,230,2,suspense e mistério,Feminino,Baixa
Esaú e Jacó,Machado de Assis,português,Martin,3.6,3,487,13,2,256,9,suspense e mistério,Feminino,Baixa
Temporada de acidentes,Moïra Fowley-Doyle,português,Intrínseca,3.6,1,38,0,2,62,2,suspense e mistério,Feminino,Baixa
A Voz no Espelho,Diane Hoh,português,Rocco,3.6,77,0,0,47,1,144,suspense e mistério,Feminino,Baixa
Os Crimes do Monograma,Sophie Hannah,português,Nova,3.6,960,52,2,814,93,1,suspense e mistério,Feminino,Baixa
Restos Humanos,Elizabeth Haynes,português,Intrínseca,3.6,1,75,3,2,65,1,suspense e mistério,Feminino,Baixa
O Último Evangelho,David Gibbins,português,Planeta,3.6,84,10,1,246,6,146,suspense e mistério,Feminino,Baixa
Férias Infernais (Vacations from hell),Maureen Johnson,português,Galera,3.6,532,15,1,1,42,787,suspense e mistério,Feminino,Baixa
O Mistério do Relógio na Parede,John Bellairs,português,Galera,3.6,422,6,1,422,19,711,suspense e mistério,Feminino,Baixa
O Rei de Amarelo,Robert W. Chambers,português,Intrínseca,3.6,3,341,6,4,569,4,suspense e mistério,Feminino,Baixa
Os Justiceiros,Stephen King,português,Planeta,3.6,801,48,2,1,26,1,suspense e mistério,Feminino,Baixa
Não Voltarás,Hans Koppel,português,Verus,3.6,602,17,0,900,27,779,suspense e mistério,Feminino,Baixa
A Fúria,L. J. Smith,português,Galera,3.6,18,613,26,8,295,52,suspense e mistério,Feminino,Baixa
O Confronto,L. J. Smith,português,Galera,3.6,22,741,36,7,412,63,suspense e mistério,Feminino,Baixa
O Rei de Amarelo,Robert W. Chambers,português,Intrínseca,3.6,3,341,6,4,569,4,suspense e mistério,Feminino,Baixa
Em Um Bosque Muito Escuro,Ruth Ware,português,Rocco,3.6,527,4,0,2,15,631,suspense e mistério,Feminino,Baixa
A Outra Casa,Sophie Hannah,português,Rocco,3.6,155,2,0,660,13,197,suspense e mistério,Feminino,Baixa
A Caça,M.A. Bennett,português,Arqueiro,3.6,587,12,0,2,44,694,suspense e mistério,Feminino,Baixa
Prisioneiras,Diane Hoh,português,Rocco,3.6,43,0,0,49,1,76,suspense e mistério,Feminino,Baixa
DESAFIO MORTAL,Joy Fielding,português,Rocco,3.6,10,0,0,15,1,21,suspense e mistério,Feminino,Baixa
A Iniciação,Diane Hoh,português,Rocco,3.6,79,0,0,51,3,147,suspense e mistério,Feminino,Baixa
A exceção,Christian Jungersen,português,Intrínseca,3.6,188,25,0,237,15,275,suspense e mistério,Feminino,Baixa
Uma Mulher Perfeita,James Grippando,português,Casa,3.6,261,13,1,438,29,335,suspense e mistério,Feminino,Baixa
A Filha,Jane Shemilt,português,HarperCollins,3.6,343,12,1,514,18,448,suspense e mistério,Feminino,Baixa
A Marca do Assassino,Daniel Silva,português,Rocco,3.6,56,4,0,142,4,86,suspense e mistério,Feminino,Baixa
O Livro dos Horrores,Diane Hoh,português,Rocco,3.6,78,2,0,68,1,134,suspense e mistério,Feminino,Baixa
Fim de Semana Alucinante,R. L. Stine,português,Rocco,3.6,145,2,0,112,0,303,suspense e mistério,Feminino,Baixa
O Sussurro,Diane Hoh,português,Rocco,3.6,51,3,0,55,1,97,suspense e mistério,Feminino,Baixa
A Bíblia do diabo,Richard Dübell,português,Planeta,3.5,65,14,2,402,28,128,suspense e mistério,Feminino,Baixa
Caixão Fechado,Sophie Hannah,português,HarperCollins,3.5,150,2,0,457,7,245,suspense e mistério,Feminino,Baixa
O Caçador de Demônios,Wesley Snipes,português,HarperCollins,3.5,37,2,1,912,8,49,suspense e mistério,Feminino,Baixa
A Mulher Na Cabine 10,Ruth Ware,português,Rocco,3.5,2,92,0,4,191,3,suspense e mistério,Feminino,Baixa
A Verdade ou a Morte,Diane Hoh,português,Rocco,3.5,105,1,0,65,1,223,suspense e mistério,Feminino,Baixa
A força do passado,Sandro Veronesi,português,Rocco,3.5,3,0,0,11,0,3,suspense e mistério,Feminino,Baixa
As Elizas,Sara Shepard,português,HarperCollins,3.5,198,13,1,1,14,210,suspense e mistério,Feminino,Baixa
Corpos Ocultos,Caroline Kepnes,português,Rocco,3.5,273,8,0,1,47,314,suspense e mistério,Feminino,Baixa
O Aprendiz de Gutenberg,Alix Christie,português,Planeta,3.5,18,1,0,152,5,19,suspense e mistério,Feminino,Baixa
Todas as Garotas Desaparecidas,Megan Miranda,português,Verus,3.5,921,50,2,2,56,1,suspense e mistério,Feminino,Baixa
Todas as Garotas Desaparecidas,Megan Miranda,português,Verus,3.5,921,50,2,2,56,1,suspense e mistério,Feminino,Baixa
Verum,Courtney Cole,português,Verus,3.5,53,1,0,161,5,62,suspense e mistério,Feminino,Baixa
Noite de Tempestade,John Sandford,português,Arqueiro,3.5,176,13,0,504,10,267,suspense e mistério,Feminino,Baixa
Garotas Como Nós,Dana Mele,português,Universo,3.5,292,19,3,1,31,323,suspense e mistério,Feminino,Baixa
UFOs,Curt Sutherly,português,Universo,3.5,31,5,0,40,6,50,suspense e mistério,Feminino,Baixa
O Demônio e a Srta. Prym,Paulo Coelho,português,Planeta,3.5,6,317,17,1,95,15,suspense e mistério,Feminino,Baixa
Dôssie Drácula,James Reese,português,Planeta,3.5,102,47,0,219,21,171,suspense e mistério,Feminino,Baixa
Amores Infernais,Scott Westerfeld,português,Galera,3.5,2,61,4,2,86,3,suspense e mistério,Feminino,Baixa
Eu Sei Onde Você Está,Claire Kendal,português,Intrínseca,3.5,565,9,0,2,43,692,suspense e mistério,Feminino,Baixa
O caso da mansão Deboën,Edgar Cantero,português,Intrínseca,3.5,497,27,0,1,40,561,suspense e mistério,Feminino,Baixa
Eu Sei Onde Você Está,Claire Kendal,português,Intrínseca,3.5,565,9,0,2,43,692,suspense e mistério,Feminino,Baixa
O Talismã,Sir Walter Scott,português,Rocco,3.5,21,3,0,78,0,37,suspense e mistério,Feminino,Baixa
O Demônio e a Srta. Prym,Paulo Coelho,português,Rocco,3.5,6,317,17,1,95,15,suspense e mistério,Feminino,Baixa
Não se esqueça de mim!,R. L. Stine,português,Rocco,3.5,41,1,1,59,1,87,suspense e mistério,Feminino,Baixa
O Jogo da Mentira,Ruth Ware,português,Rocco,3.5,203,7,0,1,14,241,suspense e mistério,Feminino,Baixa
O Demônio e a Srta. Prym,Paulo Coelho,português,Sextante,3.5,6,317,17,1,95,15,suspense e mistério,Feminino,Baixa
A Mãe Perfeita,Aimee Molloy,português,HarperCollins,3.5,160,3,0,329,23,141,suspense e mistério,Feminino,Baixa
Inigualável ,Alyson Noël,português,HarperCollins,3.5,213,16,0,583,38,282,suspense e mistério,Feminino,Baixa
Contos de Fadas Norte-Americanos,L. Frank Baum,português,Martin,3.5,113,1,0,120,7,189,suspense e mistério,Feminino,Baixa
Argo,Antonio Mendez,português,Intrínseca,3.5,527,78,2,917,55,794,suspense e mistério,Feminino,Baixa
Contágio,David Koepp,português,HarperCollins,3.5,82,0,0,171,10,59,suspense e mistério,Feminino,Baixa
A mão que te alimenta,A. J. Rich,português,Record,3.5,637,12,0,2,25,727,suspense e mistério,Feminino,Baixa
O Caso da Mansão Deboën,Edgar Cantero,português,Intrínseca,3.5,497,27,0,1,40,561,suspense e mistério,Feminino,Baixa
O Jantar,Herman Koch,português,Intrínseca,3.4,658,24,1,935,33,888,suspense e mistério,Feminino,Baixa
Querida Filha,Elizabeth Little,português,Rocco,3.4,52,1,0,201,6,62,suspense e mistério,Feminino,Baixa
O Sequestro,Diane Hoh,português,Rocco,3.4,56,2,0,40,1,102,suspense e mistério,Feminino,Baixa
Lição de Morte,Diane Hoh,português,Rocco,3.4,100,0,0,47,1,171,suspense e mistério,Feminino,Baixa
Os deixados para trás,Tom Perrotta,português,Intrínseca,3.4,701,70,1,1,93,976,suspense e mistério,Feminino,Baixa
Colheita,James Frey,português,Intrínseca,3.4,43,0,0,175,1,49,suspense e mistério,Feminino,Baixa
Antes da Queda,Noah Hawley,português,Intrínseca,3.4,330,10,1,1,43,379,suspense e mistério,Feminino,Baixa
Nunca Jamais,Colleen Hoover,português,Galera,3.4,1,5,1,2,23,1,suspense e mistério,Feminino,Baixa
A Sombra da Lua,John Sandford,português,Arqueiro,3.4,354,19,0,631,18,546,suspense e mistério,Feminino,Baixa
Guerreiro Tigre,David Gibbins,português,Planeta,3.4,71,23,1,237,12,130,suspense e mistério,Feminino,Baixa
Os deixados para trás,Tom Perrotta,português,Intrínseca,3.4,701,70,1,1,93,976,suspense e mistério,Feminino,Baixa
O Sabá das Feiticeiras,John Updike,português,Rocco,3.4,51,6,0,63,5,94,suspense e mistério,Feminino,Baixa
O Despertar,L. J. Smith,português,Galera,3.4,32,1,91,8,830,103,suspense e mistério,Feminino,Baixa
A Namorada Perfeita,Karen Hamilton,português,Rocco,3.4,74,0,0,745,2,86,suspense e mistério,Feminino,Baixa
"Não Chore, Não",Mary Kubica,português,Planeta,3.3,271,16,1,1,23,341,suspense e mistério,Feminino,Baixa
Passageiro para Frankfurt,Agatha Christie,português,HarperCollins,3.3,1,127,4,1,39,3,suspense e mistério,Feminino,Baixa
O Fecho,Sloane Crosley,português,Rocco,3.3,6,0,0,476,1,1,suspense e mistério,Feminino,Baixa
A Mulher Silenciosa,A.S.A. Harrison,português,Intrínseca,3.3,1,95,2,2,103,2,suspense e mistério,Feminino,Baixa
Acerto de Contas,John Grisham,português,Arqueiro,3.3,81,2,0,528,12,84,suspense e mistério,Feminino,Baixa
O Manuscrito,Chris Pavone,português,Arqueiro,3.3,181,38,1,441,26,247,suspense e mistério,Feminino,Baixa
Beijos Infernais (Kisses from hell),Kristin Cast,português,Galera,3.3,1,40,3,2,61,2,suspense e mistério,Feminino,Baixa
Ponto Cego,Rebecca Scherm,português,Rocco,3.3,12,2,0,358,5,9,suspense e mistério,Feminino,Baixa
A Contrapartida,Uranio Bonoldi,português,Valentina,3.3,187,10,1,1,35,206,suspense e mistério,Feminino,Baixa
Uma garota de Muita Sorte,Jessica Knoll,português,Rocco,3.3,111,6,0,444,11,155,suspense e mistério,Feminino,Baixa
Vingança da Maré,Elizabeth Haynes,português,Intrínseca,3.3,570,28,1,1,31,779,suspense e mistério,Feminino,Baixa
Catfish,Lynda Throsby,português,AllBook,3.3,54,3,1,271,5,55,suspense e mistério,Feminino,Baixa
Aqueles Que Perdemos,Sheena Kamal,português,HarperCollins,3.2,72,7,0,1,8,90,suspense e mistério,Feminino,Baixa
Arrowood,Mick Finlay,português,HarperCollins,3.2,26,1,0,627,6,35,suspense e mistério,Feminino,Baixa
Meninas Selvagens,Rory Power,português,Galera,3.2,601,19,1,3,105,524,suspense e mistério,Feminino,Baixa
Meninas selvagens,Rory Power,português,Galera,3.2,601,19,1,3,105,524,suspense e mistério,Feminino,Baixa
Formaturas Infernais (Prom nights from hell),Meg Cabot,português,Galera,3.2,21,1,44,9,497,51,suspense e mistério,Feminino,Baixa
Vamos Passear no Bosque,Ruth Rendell,português,Rocco,3.2,16,4,0,60,0,29,suspense e mistério,Feminino,Baixa
Tão Mais Bonita,Cara Hoffman,português,Intrínseca,3.2,267,60,1,864,33,419,suspense e mistério,Feminino,Baixa
Sinuca de Bico,Josh Bazell,português,Rocco,3.1,27,3,0,42,0,40,suspense e mistério,Feminino,Baixa
A Nona Configuração,William Peter Blatty,português,Harper,3.1,684,44,1,666,33,892,suspense e mistério,Feminino,Baixa
Louras Zumbis,Brian James,português,Galera,3.1,587,17,0,809,9,797,suspense e mistério,Feminino,Baixa
O Enigma do Quatro,Ian Caldwell,português,Planeta,3.1,1,319,2,549,68,2,suspense e mistério,Feminino,Baixa
O Monstro,Diane Hoh,português,Rocco,3.1,23,1,0,30,1,42,suspense e mistério,Feminino,Baixa
Morte No Verão,Benjamin Black,português,Rocco,3.0,43,1,0,479,5,2,suspense e mistério,Feminino,Baixa
Uma Casa No Fundo de Um Lago,Josh Malerman,português,Intrínseca,3.0,4,94,2,4,197,5,suspense e mistério,Feminino,Baixa
A Geração do Meio,Margaret Drabble,português,Rocco,3.0,2,1,0,4,0,4,suspense e mistério,Feminino,Baixa
Latitudes Piratas,Michael Crichton,português,Rocco,3.0,1,0,0,1,0,1,suspense e mistério,Feminino,Baixa
Quattrocento,James McKean,português,Rocco,3.0,11,2,0,47,2,14,suspense e mistério,Feminino,Baixa
Os Crimes do Mosaico,Giulio Leoni,português,Planeta,2.9,693,129,2,415,41,1,suspense e mistério,Feminino,Baixa
A Febre,Megan Abbott ,português,Intrínseca,2.9,977,88,2,1,62,1,suspense e mistério,Feminino,Baixa
As moscas azuis,Carmen Posadas,português,Planeta,2.9,24,5,0,45,6,25,suspense e mistério,Feminino,Baixa
Os Saqueadores,Tom Cooper,português,Rocco,2.8,11,0,0,97,1,6,suspense e mistério,Feminino,Baixa
Contos - Volume III,H. P. Lovecraft,português,Martin,0.0,0,1,1,84,2,1,suspense e mistério,Feminino,Baixa
Scarlet and Ivy - The Whispers in the Walls,Sophie Cleverly,inglês,HarperCollins,0.0,0,0,0,2,0,1,suspense e mistério,Feminino,Baixa
Errantes,Florencia Etcheves,espanhol,Editora,0.0,0,0,0,1,0,0,suspense e mistério,Feminino,Baixa
Contos - Volume III,H. P. Lovecraft,português,Martin,0.0,0,1,1,84,2,1,suspense e mistério,Feminino,Baixa
Contos - Volume III,H. P. Lovecraft,português,Martin,0.0,0,1,1,84,2,1,suspense e mistério,Feminino,Baixa
Contos - Volume III,H. P. Lovecraft,português,Martin,0.0,0,1,1,84,2,1,suspense e mistério,Feminino,Baixa
